"module name","license","repository"
"@types/node@10.5.2","MIT","https://github.com/DefinitelyTyped/DefinitelyTyped"
"JSV@4.0.2","FreeBSD","https://github.com/garycourt/JSV"
"abab@1.0.4","ISC","https://github.com/jsdom/abab"
"abbrev@1.1.1","ISC","https://github.com/isaacs/abbrev-js"
"accepts@1.3.3","MIT","https://github.com/jshttp/accepts"
"accepts@1.3.5","MIT","https://github.com/jshttp/accepts"
"acorn-dynamic-import@3.0.0","MIT","https://github.com/kesne/acorn-dynamic-import"
"acorn-globals@3.1.0","MIT","https://github.com/ForbesLindesay/acorn-globals"
"acorn-jsx@3.0.1","MIT","https://github.com/RReverser/acorn-jsx"
"acorn@3.3.0","MIT","https://github.com/ternjs/acorn"
"acorn@4.0.13","MIT","https://github.com/ternjs/acorn"
"acorn@5.7.1","MIT","https://github.com/acornjs/acorn"
"after@0.8.1","MIT*","https://github.com/Raynos/after"
"ajv-keywords@2.1.1","MIT","https://github.com/epoberezkin/ajv-keywords"
"ajv-keywords@3.2.0","MIT","https://github.com/epoberezkin/ajv-keywords"
"ajv@4.11.8","MIT","https://github.com/epoberezkin/ajv"
"ajv@5.5.2","MIT","https://github.com/epoberezkin/ajv"
"ajv@6.5.2","MIT","https://github.com/epoberezkin/ajv"
"align-text@0.1.4","MIT","https://github.com/jonschlinkert/align-text"
"alphanum-sort@1.0.2","MIT","https://github.com/TrySound/alphanum-sort"
"amazon-cognito-identity-js@2.0.14","Custom: https://github.com/aws/amazon-cognito-identity-js","https://github.com/aws/aws-amplify"
"amdefine@1.0.1","BSD-3-Clause OR MIT","https://github.com/jrburke/amdefine"
"ansi-escapes@1.4.0","MIT","https://github.com/sindresorhus/ansi-escapes"
"ansi-escapes@3.1.0","MIT","https://github.com/sindresorhus/ansi-escapes"
"ansi-html@0.0.7","Apache-2.0","https://github.com/Tjatse/ansi-html"
"ansi-regex@0.2.1","MIT","https://github.com/sindresorhus/ansi-regex"
"ansi-regex@2.1.1","MIT","https://github.com/chalk/ansi-regex"
"ansi-regex@3.0.0","MIT","https://github.com/chalk/ansi-regex"
"ansi-styles@1.0.0","MIT","https://github.com/sindresorhus/ansi-styles"
"ansi-styles@1.1.0","MIT","https://github.com/sindresorhus/ansi-styles"
"ansi-styles@2.2.1","MIT","https://github.com/chalk/ansi-styles"
"ansi-styles@3.2.1","MIT","https://github.com/chalk/ansi-styles"
"anymatch@1.3.2","ISC","https://github.com/es128/anymatch"
"anymatch@2.0.0","ISC","https://github.com/micromatch/anymatch"
"append-transform@1.0.0","MIT","https://github.com/istanbuljs/append-transform"
"aproba@1.2.0","ISC","https://github.com/iarna/aproba"
"are-we-there-yet@1.1.4","ISC","https://github.com/iarna/are-we-there-yet"
"are-we-there-yet@1.1.5","ISC","https://github.com/iarna/are-we-there-yet"
"argparse@1.0.10","MIT","https://github.com/nodeca/argparse"
"arr-diff@2.0.0","MIT","https://github.com/jonschlinkert/arr-diff"
"arr-diff@4.0.0","MIT","https://github.com/jonschlinkert/arr-diff"
"arr-flatten@1.1.0","MIT","https://github.com/jonschlinkert/arr-flatten"
"arr-union@3.1.0","MIT","https://github.com/jonschlinkert/arr-union"
"array-equal@1.0.0","MIT","https://github.com/component/array-equal"
"array-find-index@1.0.2","MIT","https://github.com/sindresorhus/array-find-index"
"array-flatten@1.1.1","MIT","https://github.com/blakeembrey/array-flatten"
"array-includes@3.0.3","MIT","https://github.com/ljharb/array-includes"
"array-union@1.0.2","MIT","https://github.com/sindresorhus/array-union"
"array-uniq@1.0.3","MIT","https://github.com/sindresorhus/array-uniq"
"array-unique@0.2.1","MIT","https://github.com/jonschlinkert/array-unique"
"array-unique@0.3.2","MIT","https://github.com/jonschlinkert/array-unique"
"arraybuffer.slice@0.0.6","MIT*","https://github.com/rase-/arraybuffer.slice"
"arrify@1.0.1","MIT","https://github.com/sindresorhus/arrify"
"asap@2.0.6","MIT","https://github.com/kriskowal/asap"
"asn1.js@4.10.1","MIT","https://github.com/indutny/asn1.js"
"asn1@0.2.3","MIT","https://github.com/mcavage/node-asn1"
"assert-plus@0.2.0","MIT","https://github.com/mcavage/node-assert-plus"
"assert-plus@1.0.0","MIT","https://github.com/mcavage/node-assert-plus"
"assert@1.4.1","MIT","https://github.com/defunctzombie/commonjs-assert"
"assign-symbols@1.0.0","MIT","https://github.com/jonschlinkert/assign-symbols"
"async-each-series@0.1.1","MIT","https://github.com/jb55/async-each-series"
"async-each@1.0.1","MIT","https://github.com/paulmillr/async-each"
"async-foreach@0.1.3","MIT*","https://github.com/cowboy/javascript-sync-async-foreach"
"async-limiter@1.0.0","MIT","https://github.com/strml/async-limiter"
"async@0.9.2","MIT","https://github.com/caolan/async"
"async@1.0.0","MIT","https://github.com/caolan/async"
"async@1.5.2","MIT","https://github.com/caolan/async"
"async@2.6.1","MIT","https://github.com/caolan/async"
"asynckit@0.4.0","MIT","https://github.com/alexindigo/asynckit"
"atob@2.1.1","(MIT OR Apache-2.0)","git://git.coolaj86.com/coolaj86/atob.js"
"autoprefixer@6.7.7","MIT","https://github.com/postcss/autoprefixer"
"autoprefixer@7.1.4","MIT","https://github.com/postcss/autoprefixer"
"aws-sign2@0.6.0","Apache-2.0","https://github.com/mikeal/aws-sign"
"aws-sign2@0.7.0","Apache-2.0","https://github.com/mikeal/aws-sign"
"aws4@1.7.0","MIT","https://github.com/mhart/aws4"
"babel-cli@6.24.1","MIT","https://github.com/babel/babel/tree/master/packages/babel-cli"
"babel-code-frame@6.26.0","MIT","https://github.com/babel/babel/tree/master/packages/babel-code-frame"
"babel-core@6.25.0","MIT","https://github.com/babel/babel/tree/master/packages/babel-core"
"babel-core@6.26.3","MIT","https://github.com/babel/babel/tree/master/packages/babel-core"
"babel-eslint@7.2.3","MIT","https://github.com/babel/babel-eslint"
"babel-generator@6.26.1","MIT","https://github.com/babel/babel/tree/master/packages/babel-generator"
"babel-helper-builder-binary-assignment-operator-visitor@6.24.1","MIT","https://github.com/babel/babel/tree/master/packages/babel-helper-builder-binary-assignment-operator-visitor"
"babel-helper-builder-react-jsx@6.26.0","MIT","https://github.com/babel/babel/tree/master/packages/babel-helper-builder-react-jsx"
"babel-helper-call-delegate@6.24.1","MIT","https://github.com/babel/babel/tree/master/packages/babel-helper-call-delegate"
"babel-helper-define-map@6.26.0","MIT","https://github.com/babel/babel/tree/master/packages/babel-helper-define-map"
"babel-helper-explode-assignable-expression@6.24.1","MIT","https://github.com/babel/babel/tree/master/packages/babel-helper-explode-assignable-expression"
"babel-helper-function-name@6.24.1","MIT","https://github.com/babel/babel/tree/master/packages/babel-helper-function-name"
"babel-helper-get-function-arity@6.24.1","MIT","https://github.com/babel/babel/tree/master/packages/babel-helper-get-function-arity"
"babel-helper-hoist-variables@6.24.1","MIT","https://github.com/babel/babel/tree/master/packages/babel-helper-hoist-variables"
"babel-helper-optimise-call-expression@6.24.1","MIT","https://github.com/babel/babel/tree/master/packages/babel-helper-optimise-call-expression"
"babel-helper-regex@6.26.0","MIT","https://github.com/babel/babel/tree/master/packages/babel-helper-regex"
"babel-helper-remap-async-to-generator@6.24.1","MIT","https://github.com/babel/babel/tree/master/packages/babel-helper-remap-async-to-generator"
"babel-helper-replace-supers@6.24.1","MIT","https://github.com/babel/babel/tree/master/packages/babel-helper-replace-supers"
"babel-helpers@6.24.1","MIT","https://github.com/babel/babel/tree/master/packages/babel-helpers"
"babel-jest@20.0.3","BSD-3-Clause","https://github.com/facebook/jest"
"babel-loader@7.1.1","MIT","https://github.com/babel/babel-loader"
"babel-messages@6.23.0","MIT","https://github.com/babel/babel/tree/master/packages/babel-messages"
"babel-plugin-check-es2015-constants@6.22.0","MIT","https://github.com/babel/babel/tree/master/packages/babel-plugin-check-es2015-constants"
"babel-plugin-istanbul@4.1.6","BSD-3-Clause","https://github.com/istanbuljs/babel-plugin-istanbul"
"babel-plugin-jest-hoist@20.0.3","BSD-3-Clause","https://github.com/facebook/jest"
"babel-plugin-syntax-async-functions@6.13.0","MIT","https://github.com/babel/babel/tree/master/packages/babel-plugin-syntax-async-functions"
"babel-plugin-syntax-class-properties@6.13.0","MIT","https://github.com/babel/babel/tree/master/packages/babel-plugin-syntax-class-properties"
"babel-plugin-syntax-dynamic-import@6.18.0","MIT","https://github.com/babel/babel/tree/master/packages/babel-plugin-syntax-dynamic-import"
"babel-plugin-syntax-exponentiation-operator@6.13.0","MIT","https://github.com/babel/babel/tree/master/packages/babel-plugin-syntax-exponentation-operator"
"babel-plugin-syntax-flow@6.18.0","MIT","https://github.com/babel/babel/tree/master/packages/babel-plugin-syntax-flow"
"babel-plugin-syntax-jsx@6.18.0","MIT","https://github.com/babel/babel/tree/master/packages/babel-plugin-syntax-jsx"
"babel-plugin-syntax-object-rest-spread@6.13.0","MIT","https://github.com/babel/babel/tree/master/packages/babel-plugin-syntax-object-rest-spread"
"babel-plugin-syntax-trailing-function-commas@6.22.0","MIT","https://github.com/babel/babel/tree/master/packages/babel-plugin-syntax-trailing-function-commas"
"babel-plugin-transform-async-to-generator@6.24.1","MIT","https://github.com/babel/babel/tree/master/packages/babel-plugin-transform-async-to-generator"
"babel-plugin-transform-class-properties@6.24.1","MIT","https://github.com/babel/babel/tree/master/packages/babel-plugin-transform-class-properties"
"babel-plugin-transform-es2015-arrow-functions@6.22.0","MIT","https://github.com/babel/babel/tree/master/packages/babel-plugin-transform-es2015-arrow-functions"
"babel-plugin-transform-es2015-block-scoped-functions@6.22.0","MIT","https://github.com/babel/babel/tree/master/packages/babel-plugin-transform-es2015-block-scoped-functions"
"babel-plugin-transform-es2015-block-scoping@6.26.0","MIT","https://github.com/babel/babel/tree/master/packages/babel-plugin-transform-es2015-block-scoping"
"babel-plugin-transform-es2015-classes@6.24.1","MIT","https://github.com/babel/babel/tree/master/packages/babel-plugin-transform-es2015-classes"
"babel-plugin-transform-es2015-computed-properties@6.24.1","MIT","https://github.com/babel/babel/tree/master/packages/babel-plugin-transform-es2015-computed-properties"
"babel-plugin-transform-es2015-destructuring@6.23.0","MIT","https://github.com/babel/babel/tree/master/packages/babel-plugin-transform-es2015-destructuring"
"babel-plugin-transform-es2015-duplicate-keys@6.24.1","MIT","https://github.com/babel/babel/tree/master/packages/babel-plugin-transform-es2015-duplicate-keys"
"babel-plugin-transform-es2015-for-of@6.23.0","MIT","https://github.com/babel/babel/tree/master/packages/babel-plugin-transform-es2015-for-of"
"babel-plugin-transform-es2015-function-name@6.24.1","MIT","https://github.com/babel/babel/tree/master/packages/babel-plugin-transform-es2015-function-name"
"babel-plugin-transform-es2015-literals@6.22.0","MIT","https://github.com/babel/babel/tree/master/packages/babel-plugin-transform-es2015-literals"
"babel-plugin-transform-es2015-modules-amd@6.24.1","MIT","https://github.com/babel/babel/tree/master/packages/babel-plugin-transform-es2015-modules-amd"
"babel-plugin-transform-es2015-modules-commonjs@6.26.2","MIT","https://github.com/babel/babel/tree/master/packages/babel-plugin-transform-es2015-modules-commonjs"
"babel-plugin-transform-es2015-modules-systemjs@6.24.1","MIT","https://github.com/babel/babel/tree/master/packages/babel-plugin-transform-es2015-modules-systemjs"
"babel-plugin-transform-es2015-modules-umd@6.24.1","MIT","https://github.com/babel/babel/tree/master/packages/babel-plugin-transform-es2015-modules-umd"
"babel-plugin-transform-es2015-object-super@6.24.1","MIT","https://github.com/babel/babel/tree/master/packages/babel-plugin-transform-es2015-object-super"
"babel-plugin-transform-es2015-parameters@6.24.1","MIT","https://github.com/babel/babel/tree/master/packages/babel-plugin-transform-es2015-parameters"
"babel-plugin-transform-es2015-shorthand-properties@6.24.1","MIT","https://github.com/babel/babel/tree/master/packages/babel-plugin-transform-es2015-shorthand-properties"
"babel-plugin-transform-es2015-spread@6.22.0","MIT","https://github.com/babel/babel/tree/master/packages/babel-plugin-transform-es2015-spread"
"babel-plugin-transform-es2015-sticky-regex@6.24.1","MIT","https://github.com/babel/babel/tree/master/packages/babel-plugin-transform-es2015-sticky-regex"
"babel-plugin-transform-es2015-template-literals@6.22.0","MIT","https://github.com/babel/babel/tree/master/packages/babel-plugin-transform-es2015-template-literals"
"babel-plugin-transform-es2015-typeof-symbol@6.23.0","MIT","https://github.com/babel/babel/tree/master/packages/babel-plugin-transform-es2015-typeof-symbol"
"babel-plugin-transform-es2015-unicode-regex@6.24.1","MIT","https://github.com/babel/babel/tree/master/packages/babel-plugin-transform-es2015-unicode-regex"
"babel-plugin-transform-exponentiation-operator@6.24.1","MIT","https://github.com/babel/babel/tree/master/packages/babel-plugin-transform-exponentiation-operator"
"babel-plugin-transform-flow-strip-types@6.22.0","MIT","https://github.com/babel/babel/tree/master/packages/babel-plugin-transform-flow-strip-types"
"babel-plugin-transform-object-rest-spread@6.26.0","MIT","https://github.com/babel/babel/tree/master/packages/babel-plugin-transform-object-rest-spread"
"babel-plugin-transform-react-display-name@6.25.0","MIT","https://github.com/babel/babel/tree/master/packages/babel-plugin-transform-react-display-name"
"babel-plugin-transform-react-jsx-self@6.22.0","MIT","https://github.com/babel/babel/tree/master/packages/babel-plugin-transform-react-jsx-self"
"babel-plugin-transform-react-jsx-source@6.22.0","MIT","https://github.com/babel/babel/tree/master/packages/babel-plugin-transform-react-jsx-source"
"babel-plugin-transform-react-jsx@6.24.1","MIT","https://github.com/babel/babel/tree/master/packages/babel-plugin-transform-react-jsx"
"babel-plugin-transform-regenerator@6.26.0","MIT","https://github.com/babel/babel/tree/master/packages/babel-plugin-transform-regenerator"
"babel-plugin-transform-strict-mode@6.24.1","MIT","https://github.com/babel/babel/tree/master/packages/babel-plugin-transform-strict-mode"
"babel-polyfill@6.23.0","MIT","https://github.com/babel/babel/tree/master/packages/babel-polyfill"
"babel-polyfill@6.26.0","MIT","https://github.com/babel/babel/tree/master/packages/babel-polyfill"
"babel-preset-env@1.6.0","MIT","https://github.com/babel/babel-preset-env"
"babel-preset-flow@6.23.0","MIT","https://github.com/babel/babel/tree/master/packages/babel-preset-flow"
"babel-preset-jest@20.0.3","BSD-3-Clause","https://github.com/facebook/jest"
"babel-preset-react@6.24.1","MIT","https://github.com/babel/babel/tree/master/packages/babel-preset-react"
"babel-register@6.26.0","MIT","https://github.com/babel/babel/tree/master/packages/babel-register"
"babel-runtime@6.26.0","MIT","https://github.com/babel/babel/tree/master/packages/babel-runtime"
"babel-template@6.26.0","MIT","https://github.com/babel/babel/tree/master/packages/babel-template"
"babel-traverse@6.26.0","MIT","https://github.com/babel/babel/tree/master/packages/babel-traverse"
"babel-types@6.26.0","MIT","https://github.com/babel/babel/tree/master/packages/babel-types"
"babylon@6.18.0","MIT","https://github.com/babel/babylon"
"backo2@1.0.2","MIT","https://github.com/mokesmokes/backo"
"balanced-match@0.4.2","MIT","https://github.com/juliangruber/balanced-match"
"balanced-match@1.0.0","MIT","https://github.com/juliangruber/balanced-match"
"base64-arraybuffer@0.1.5","MIT","https://github.com/niklasvh/base64-arraybuffer"
"base64-js@1.3.0","MIT","https://github.com/beatgammit/base64-js"
"base64id@0.1.0","UNKNOWN","https://github.com/faeldt/base64id"
"base@0.11.2","MIT","https://github.com/node-base/base"
"batch@0.5.3","MIT","https://github.com/visionmedia/batch"
"bcrypt-pbkdf@1.0.2","BSD-3-Clause","https://github.com/joyent/node-bcrypt-pbkdf"
"better-assert@1.0.2","MIT*","https://github.com/visionmedia/better-assert"
"bfj-node4@5.3.1","MIT","https://github.com/philbooth/bfj"
"big.js@3.2.0","MIT","https://github.com/MikeMcl/big.js"
"binary-extensions@1.11.0","MIT","https://github.com/sindresorhus/binary-extensions"
"blob@0.0.4","MIT*","https://github.com/rase-/blob"
"block-stream@0.0.9","ISC","https://github.com/isaacs/block-stream"
"bluebird@3.5.1","MIT","https://github.com/petkaantonov/bluebird"
"bn.js@4.11.8","MIT","https://github.com/indutny/bn.js"
"body-parser@1.18.2","MIT","https://github.com/expressjs/body-parser"
"boolbase@1.0.0","ISC","https://github.com/fb55/boolbase"
"boom@2.10.1","BSD-3-Clause","https://github.com/hapijs/boom"
"brace-expansion@1.1.11","MIT","https://github.com/juliangruber/brace-expansion"
"braces@1.8.5","MIT","https://github.com/jonschlinkert/braces"
"braces@2.3.2","MIT","https://github.com/micromatch/braces"
"brorand@1.1.0","MIT","https://github.com/indutny/brorand"
"browser-resolve@1.11.3","MIT","https://github.com/shtylman/node-browser-resolve"
"browser-sync-client@2.5.1","MIT","https://github.com/shakyshane/browser-sync-client"
"browser-sync-ui@0.6.3","Apache-2.0","https://github.com/BrowserSync/UI"
"browser-sync@2.18.12","Apache-2.0","https://github.com/Browsersync/browser-sync"
"browserify-aes@1.2.0","MIT","https://github.com/crypto-browserify/browserify-aes"
"browserify-cipher@1.0.1","MIT","https://github.com/crypto-browserify/browserify-cipher"
"browserify-des@1.0.2","MIT","https://github.com/crypto-browserify/browserify-des"
"browserify-rsa@4.0.1","MIT","https://github.com/crypto-browserify/browserify-rsa"
"browserify-sign@4.0.4","ISC","https://github.com/crypto-browserify/browserify-sign"
"browserify-zlib@0.2.0","MIT","https://github.com/devongovett/browserify-zlib"
"browserslist@1.7.7","MIT","https://github.com/ai/browserslist"
"browserslist@2.11.3","MIT","https://github.com/ai/browserslist"
"bs-recipes@1.3.4","ISC","https://github.com/BrowserSync/recipes"
"bser@1.0.2","Apache-2.0","https://github.com/facebook/watchman"
"bser@2.0.0","Apache-2.0","https://github.com/facebook/watchman"
"buffer-from@1.1.0","MIT","https://github.com/LinusU/buffer-from"
"buffer-xor@1.0.3","MIT","https://github.com/crypto-browserify/buffer-xor"
"buffer@4.9.1","MIT","https://github.com/feross/buffer"
"builtin-modules@1.1.1","MIT","https://github.com/sindresorhus/builtin-modules"
"builtin-status-codes@3.0.0","MIT","https://github.com/bendrucker/builtin-status-codes"
"bytes@3.0.0","MIT","https://github.com/visionmedia/bytes.js"
"cacache@10.0.4","ISC","https://github.com/zkat/cacache"
"cache-base@1.0.1","MIT","https://github.com/jonschlinkert/cache-base"
"caller-path@0.1.0","MIT","https://github.com/sindresorhus/caller-path"
"callsite@1.0.0","MIT*",""
"callsites@0.2.0","MIT","https://github.com/sindresorhus/callsites"
"callsites@2.0.0","MIT","https://github.com/sindresorhus/callsites"
"camel-case@3.0.0","MIT","https://github.com/blakeembrey/camel-case"
"camelcase-keys@2.1.0","MIT","https://github.com/sindresorhus/camelcase-keys"
"camelcase@1.2.1","MIT","https://github.com/sindresorhus/camelcase"
"camelcase@2.1.1","MIT","https://github.com/sindresorhus/camelcase"
"camelcase@3.0.0","MIT","https://github.com/sindresorhus/camelcase"
"caniuse-api@1.6.1","MIT","https://github.com/nyalab/caniuse-api"
"caniuse-db@1.0.30000865","CC-BY-4.0","https://github.com/Fyrd/caniuse"
"caniuse-lite@1.0.30000865","CC-BY-4.0","https://github.com/ben-eb/caniuse-lite"
"caseless@0.11.0","Apache-2.0","https://github.com/mikeal/caseless"
"caseless@0.12.0","Apache-2.0","https://github.com/mikeal/caseless"
"center-align@0.1.3","MIT","https://github.com/jonschlinkert/center-align"
"chalk@0.4.0","MIT","https://github.com/sindresorhus/chalk"
"chalk@0.5.1","MIT","https://github.com/sindresorhus/chalk"
"chalk@1.1.3","MIT","https://github.com/chalk/chalk"
"chalk@2.0.1","MIT","https://github.com/chalk/chalk"
"chalk@2.4.1","MIT","https://github.com/chalk/chalk"
"chardet@0.4.2","MIT","https://github.com/runk/node-chardet"
"charenc@0.0.2","BSD-3-Clause","https://github.com/pvorb/node-charenc"
"check-types@7.4.0","MIT","git+https://gitlab.com/philbooth/check-types.js"
"cheerio@1.0.0-rc.2","MIT","https://github.com/cheeriojs/cheerio"
"chokidar@1.7.0","MIT","https://github.com/paulmillr/chokidar"
"chokidar@2.0.4","MIT","https://github.com/paulmillr/chokidar"
"chownr@1.0.1","ISC","https://github.com/isaacs/chownr"
"chrome-trace-event@0.1.3","MIT","github.com:samccone/chrome-trace-event"
"ci-info@1.1.3","MIT","https://github.com/watson/ci-info"
"cipher-base@1.0.4","MIT","https://github.com/crypto-browserify/cipher-base"
"circular-json@0.3.3","MIT","https://github.com/WebReflection/circular-json"
"clap@1.2.3","MIT","https://github.com/lahmatiy/clap"
"class-utils@0.3.6","MIT","https://github.com/jonschlinkert/class-utils"
"clean-css@4.1.11","MIT","https://github.com/jakubpawlowicz/clean-css"
"cli-cursor@2.1.0","MIT","https://github.com/sindresorhus/cli-cursor"
"cli-width@2.2.0","ISC","https://github.com/knownasilya/cli-width"
"cliui@2.1.0","ISC","https://github.com/bcoe/cliui"
"cliui@3.2.0","ISC","https://github.com/yargs/cliui"
"clone-deep@0.3.0","MIT","https://github.com/jonschlinkert/clone-deep"
"clone@1.0.4","MIT","https://github.com/pvorb/node-clone"
"co@4.6.0","MIT","https://github.com/tj/co"
"coa@1.0.4","MIT","https://github.com/veged/coa"
"code-point-at@1.1.0","MIT","https://github.com/sindresorhus/code-point-at"
"collection-visit@1.0.0","MIT","https://github.com/jonschlinkert/collection-visit"
"color-convert@1.9.2","MIT","https://github.com/Qix-/color-convert"
"color-name@1.1.1","MIT","https://github.com/dfcreative/color-name"
"color-name@1.1.3","MIT","https://github.com/dfcreative/color-name"
"color-string@0.3.0","MIT","https://github.com/harthur/color-string"
"color@0.11.4","MIT","https://github.com/Qix-/color"
"colormin@1.1.2","MIT","https://github.com/ben-eb/colormin"
"colors@0.5.1","Custom: http://i.imgur.com/goJdO.png","https://github.com/Marak/colors.js"
"colors@1.0.3","MIT","https://github.com/Marak/colors.js"
"colors@1.1.2","MIT","https://github.com/Marak/colors.js"
"colors@1.3.0","MIT","https://github.com/Marak/colors.js"
"combined-stream@1.0.6","MIT","https://github.com/felixge/node-combined-stream"
"commander@2.13.0","MIT","https://github.com/tj/commander.js"
"commander@2.16.0","MIT","https://github.com/tj/commander.js"
"commander@2.6.0","MIT","https://github.com/tj/commander.js"
"commondir@1.0.1","MIT","https://github.com/substack/node-commondir"
"compare-versions@3.3.0","MIT","https://github.com/omichelsen/compare-versions"
"component-bind@1.0.0","MIT*","https://github.com/component/bind"
"component-emitter@1.1.2","MIT*","https://github.com/component/emitter"
"component-emitter@1.2.1","MIT","https://github.com/component/emitter"
"component-inherit@0.0.3","MIT*","https://github.com/component/inherit"
"concat-map@0.0.1","MIT","https://github.com/substack/node-concat-map"
"concat-stream@1.6.2","MIT","https://github.com/maxogden/concat-stream"
"concurrently@3.5.0","MIT","https://github.com/kimmobrunfeldt/concurrently"
"congito-login@0.1.0","Custom: https://nodejs.org",""
"connect-history-api-fallback@1.3.0","MIT","https://github.com/bripkens/connect-history-api-fallback"
"connect-history-api-fallback@1.5.0","MIT","https://github.com/bripkens/connect-history-api-fallback"
"connect@1.9.2","MIT*","https://github.com/senchalabs/connect"
"connect@3.5.0","MIT","https://github.com/senchalabs/connect"
"console-browserify@1.1.0","MIT","https://github.com/Raynos/console-browserify"
"console-control-strings@1.1.0","ISC","https://github.com/iarna/console-control-strings"
"constants-browserify@1.0.0","MIT","https://github.com/juliangruber/constants-browserify"
"contains-path@0.1.0","MIT","https://github.com/jonschlinkert/contains-path"
"content-disposition@0.5.2","MIT","https://github.com/jshttp/content-disposition"
"content-type-parser@1.0.2","MIT","https://github.com/jsdom/content-type-parser"
"content-type@1.0.4","MIT","https://github.com/jshttp/content-type"
"convert-source-map@1.5.1","MIT","https://github.com/thlorenz/convert-source-map"
"cookie-signature@1.0.6","MIT","https://github.com/visionmedia/node-cookie-signature"
"cookie@0.3.1","MIT","https://github.com/jshttp/cookie"
"copy-concurrently@1.0.5","ISC","https://github.com/npm/copy-concurrently"
"copy-descriptor@0.1.1","MIT","https://github.com/jonschlinkert/copy-descriptor"
"core-js@1.2.7","MIT","https://github.com/zloirock/core-js"
"core-js@2.5.7","MIT","https://github.com/zloirock/core-js"
"core-util-is@1.0.2","MIT","https://github.com/isaacs/core-util-is"
"cosmiconfig@2.2.2","MIT","https://github.com/davidtheclark/cosmiconfig"
"coveralls@2.13.1","BSD-2-Clause","https://github.com/nickmerwin/node-coveralls"
"create-ecdh@4.0.3","MIT","https://github.com/crypto-browserify/createECDH"
"create-hash@1.2.0","MIT","https://github.com/crypto-browserify/createHash"
"create-hmac@1.1.7","MIT","https://github.com/crypto-browserify/createHmac"
"cross-spawn@3.0.1","MIT","https://github.com/IndigoUnited/node-cross-spawn"
"cross-spawn@5.1.0","MIT","https://github.com/IndigoUnited/node-cross-spawn"
"crypt@0.0.2","BSD-3-Clause","https://github.com/pvorb/node-crypt"
"cryptiles@2.0.5","BSD-3-Clause","https://github.com/hapijs/cryptiles"
"crypto-browserify@1.0.9","MIT","https://github.com/dominictarr/crypto-browserify"
"crypto-browserify@3.12.0","MIT","https://github.com/crypto-browserify/crypto-browserify"
"css-color-names@0.0.4","MIT","https://github.com/bahamas10/css-color-names"
"css-loader@0.28.7","MIT","https://github.com/webpack/css-loader"
"css-select@1.2.0","BSD*","https://github.com/fb55/css-select"
"css-selector-tokenizer@0.7.0","MIT","https://github.com/css-modules/css-selector-tokenizer"
"css-what@2.1.0","BSD*","https://github.com/fb55/css-what"
"cssesc@0.1.0","MIT","https://github.com/mathiasbynens/cssesc"
"cssnano@3.10.0","MIT","https://github.com/ben-eb/cssnano"
"csso@2.3.2","MIT","https://github.com/css/csso"
"cssom@0.3.4","MIT","https://github.com/NV/CSSOM"
"cssstyle@0.2.37","MIT","https://github.com/chad3814/CSSStyleDeclaration"
"currently-unhandled@0.4.1","MIT","https://github.com/jamestalmage/currently-unhandled"
"cycle@1.0.3","Custom: https://github.com/douglascrockford/JSON-js","https://github.com/dscape/cycle"
"cyclist@0.2.2","MIT*","https://github.com/mafintosh/cyclist"
"d@1.0.0","MIT","https://github.com/medikoo/d"
"dashdash@1.14.1","MIT","https://github.com/trentm/node-dashdash"
"date-fns@1.29.0","MIT","https://github.com/date-fns/date-fns"
"date-now@0.1.4","MIT","https://github.com/Colingo/date-now"
"debug@2.2.0","MIT","https://github.com/visionmedia/debug"
"debug@2.3.3","MIT","https://github.com/visionmedia/debug"
"debug@2.6.4","MIT","https://github.com/visionmedia/debug"
"debug@2.6.9","MIT","https://github.com/visionmedia/debug"
"debug@3.1.0","MIT","https://github.com/visionmedia/debug"
"decamelize@1.2.0","MIT","https://github.com/sindresorhus/decamelize"
"decode-uri-component@0.2.0","MIT","https://github.com/SamVerschueren/decode-uri-component"
"deep-equal@0.2.2","MIT","https://github.com/substack/node-deep-equal"
"deep-extend@0.5.1","MIT","https://github.com/unclechu/node-deep-extend"
"deep-extend@0.6.0","MIT","https://github.com/unclechu/node-deep-extend"
"deep-is@0.1.3","MIT","https://github.com/thlorenz/deep-is"
"default-require-extensions@2.0.0","MIT","https://github.com/avajs/default-require-extensions"
"define-properties@1.1.2","MIT","https://github.com/ljharb/define-properties"
"define-property@0.2.5","MIT","https://github.com/jonschlinkert/define-property"
"define-property@1.0.0","MIT","https://github.com/jonschlinkert/define-property"
"define-property@2.0.2","MIT","https://github.com/jonschlinkert/define-property"
"defined@1.0.0","MIT","https://github.com/substack/defined"
"del@2.2.2","MIT","https://github.com/sindresorhus/del"
"delayed-stream@1.0.0","MIT","https://github.com/felixge/node-delayed-stream"
"delegates@1.0.0","MIT","https://github.com/visionmedia/node-delegates"
"depd@1.1.1","MIT","https://github.com/dougwilson/nodejs-depd"
"depd@1.1.2","MIT","https://github.com/dougwilson/nodejs-depd"
"des.js@1.0.0","MIT","https://github.com/indutny/des.js"
"destroy@1.0.4","MIT","https://github.com/stream-utils/destroy"
"detect-indent@4.0.0","MIT","https://github.com/sindresorhus/detect-indent"
"detect-indent@5.0.0","MIT","https://github.com/sindresorhus/detect-indent"
"detect-libc@1.0.3","Apache-2.0","https://github.com/lovell/detect-libc"
"dev-ip@1.0.1","MIT","https://github.com/shakyshane/dev-ip"
"diff@3.5.0","BSD-3-Clause","https://github.com/kpdecker/jsdiff"
"diffie-hellman@5.0.3","MIT","https://github.com/crypto-browserify/diffie-hellman"
"discontinuous-range@1.0.0","MIT","https://github.com/dtudury/discontinuous-range"
"doctrine@1.5.0","BSD","https://github.com/eslint/doctrine"
"doctrine@2.1.0","Apache-2.0","https://github.com/eslint/doctrine"
"dom-converter@0.1.4","MIT","https://github.com/AriaMinaei/dom-converter"
"dom-serializer@0.1.0","MIT","https://github.com/cheeriojs/dom-renderer"
"dom-walk@0.1.1","MIT","https://github.com/Raynos/dom-walk"
"domain-browser@1.2.0","MIT","https://github.com/bevry/domain-browser"
"domelementtype@1.1.3","BSD*","https://github.com/FB55/domelementtype"
"domelementtype@1.3.0","BSD*","https://github.com/FB55/domelementtype"
"domhandler@2.1.0","BSD*","https://github.com/fb55/domhandler"
"domhandler@2.4.2","BSD-2-Clause","https://github.com/fb55/DomHandler"
"domutils@1.1.6","BSD*","https://github.com/FB55/domutils"
"domutils@1.5.1","BSD*","https://github.com/FB55/domutils"
"domutils@1.7.0","BSD-2-Clause","https://github.com/FB55/domutils"
"dotenv-webpack@1.5.7","MIT","https://github.com/mrsteele/dotenv-webpack"
"dotenv@5.0.1","BSD-2-Clause","https://github.com/motdotla/dotenv"
"duplexer@0.1.1","MIT","https://github.com/Raynos/duplexer"
"duplexify@3.6.0","MIT","https://github.com/mafintosh/duplexify"
"easy-extender@2.3.2","Apache-2.0","https://github.com/shakyshane/easy-extender"
"eazy-logger@3.0.2","Apache 2.0","https://github.com/shakyshane/easy-logger"
"ecc-jsbn@0.1.1","MIT","https://github.com/quartzjer/ecc-jsbn"
"ee-first@1.1.1","MIT","https://github.com/jonathanong/ee-first"
"ejs@2.6.1","Apache-2.0","https://github.com/mde/ejs"
"electron-to-chromium@1.3.52","ISC","https://github.com/kilian/electron-to-chromium"
"elliptic@6.4.0","MIT","https://github.com/indutny/elliptic"
"emitter-steward@1.0.0","MIT","https://github.com/shakyShane/emitter-steward"
"emojis-list@2.1.0","MIT","https://github.com/kikobeats/emojis-list"
"encodeurl@1.0.2","MIT","https://github.com/pillarjs/encodeurl"
"encoding@0.1.12","MIT","https://github.com/andris9/encoding"
"end-of-stream@1.4.1","MIT","https://github.com/mafintosh/end-of-stream"
"engine.io-client@1.8.0","MIT","https://github.com/socketio/engine.io-client"
"engine.io-parser@1.3.1","MIT","https://github.com/socketio/engine.io-parser"
"engine.io@1.8.0","MIT","https://github.com/socketio/engine.io"
"enhanced-resolve@4.1.0","MIT","https://github.com/webpack/enhanced-resolve"
"entities@1.1.1","BSD*","https://github.com/fb55/node-entities"
"enzyme-adapter-react-16@1.0.0","MIT","https://github.com/airbnb/enzyme"
"enzyme-adapter-utils@1.4.0","MIT","https://github.com/airbnb/enzyme"
"enzyme@3.0.0","MIT","https://github.com/airbnb/enzyme"
"errno@0.1.7","MIT","https://github.com/rvagg/node-errno"
"error-ex@1.3.2","MIT","https://github.com/qix-/node-error-ex"
"es-abstract@1.12.0","MIT","https://github.com/ljharb/es-abstract"
"es-to-primitive@1.1.1","MIT","https://github.com/ljharb/es-to-primitive"
"es5-ext@0.10.45","ISC","https://github.com/medikoo/es5-ext"
"es6-iterator@2.0.3","MIT","https://github.com/medikoo/es6-iterator"
"es6-symbol@3.1.1","MIT","https://github.com/medikoo/es6-symbol"
"escape-html@1.0.3","MIT","https://github.com/component/escape-html"
"escape-string-regexp@1.0.5","MIT","https://github.com/sindresorhus/escape-string-regexp"
"escodegen@1.10.0","BSD-2-Clause","https://github.com/estools/escodegen"
"eslint-config-standard@11.0.0","MIT","https://github.com/standard/eslint-config-standard"
"eslint-import-resolver-node@0.3.2","MIT","https://github.com/benmosher/eslint-plugin-import"
"eslint-module-utils@2.2.0","MIT","https://github.com/benmosher/eslint-plugin-import"
"eslint-plugin-import@2.13.0","MIT","https://github.com/benmosher/eslint-plugin-import"
"eslint-plugin-node@6.0.1","MIT","https://github.com/mysticatea/eslint-plugin-node"
"eslint-plugin-promise@3.8.0","ISC","https://github.com/xjamundx/eslint-plugin-promise"
"eslint-plugin-react@7.10.0","MIT","https://github.com/yannickcr/eslint-plugin-react"
"eslint-plugin-standard@3.1.0","MIT","https://github.com/xjamundx/eslint-plugin-standard"
"eslint-scope@3.7.3","BSD-2-Clause","https://github.com/eslint/eslint-scope"
"eslint-visitor-keys@1.0.0","Apache-2.0","https://github.com/eslint/eslint-visitor-keys"
"eslint-watch@3.1.2","MIT","https://github.com/rizowski/eslint-watch"
"eslint@4.19.1","MIT","https://github.com/eslint/eslint"
"espree@3.5.4","BSD-2-Clause","https://github.com/eslint/espree"
"esprima@2.7.3","BSD-2-Clause","https://github.com/jquery/esprima"
"esprima@3.1.3","BSD-2-Clause","https://github.com/jquery/esprima"
"esprima@4.0.1","BSD-2-Clause","https://github.com/jquery/esprima"
"esquery@1.0.1","BSD-3-Clause","https://github.com/jrfeenst/esquery"
"esrecurse@4.2.1","BSD-2-Clause","https://github.com/estools/esrecurse"
"estraverse@4.2.0","BSD-2-Clause","https://github.com/estools/estraverse"
"esutils@2.0.2","BSD","https://github.com/estools/esutils"
"etag@1.8.1","MIT","https://github.com/jshttp/etag"
"eventemitter3@1.2.0","MIT","https://github.com/primus/eventemitter3"
"events@1.1.1","MIT","https://github.com/Gozala/events"
"evp_bytestokey@1.0.3","MIT","https://github.com/crypto-browserify/EVP_BytesToKey"
"exec-sh@0.2.2","MIT","https://github.com/tsertkov/exec-sh"
"expand-brackets@0.1.5","MIT","https://github.com/jonschlinkert/expand-brackets"
"expand-brackets@2.1.4","MIT","https://github.com/jonschlinkert/expand-brackets"
"expand-range@1.8.2","MIT","https://github.com/jonschlinkert/expand-range"
"express@2.5.11","MIT*","https://github.com/visionmedia/express"
"express@4.16.3","MIT","https://github.com/expressjs/express"
"extend-shallow@2.0.1","MIT","https://github.com/jonschlinkert/extend-shallow"
"extend-shallow@3.0.2","MIT","https://github.com/jonschlinkert/extend-shallow"
"extend@3.0.1","MIT","https://github.com/justmoon/node-extend"
"external-editor@2.2.0","MIT","https://github.com/mrkmg/node-external-editor"
"extglob@0.3.2","MIT","https://github.com/jonschlinkert/extglob"
"extglob@2.0.4","MIT","https://github.com/micromatch/extglob"
"extract-text-webpack-plugin@4.0.0-beta.0","MIT","https://github.com/webpack-contrib/extract-text-webpack-plugin"
"extsprintf@1.3.0","MIT","https://github.com/davepacheco/node-extsprintf"
"extsprintf@1.4.0","MIT","https://github.com/davepacheco/node-extsprintf"
"eyes@0.1.8","MIT",""
"fast-deep-equal@1.1.0","MIT","https://github.com/epoberezkin/fast-deep-equal"
"fast-deep-equal@2.0.1","MIT","https://github.com/epoberezkin/fast-deep-equal"
"fast-json-stable-stringify@2.0.0","MIT","https://github.com/epoberezkin/fast-json-stable-stringify"
"fast-levenshtein@2.0.6","MIT","https://github.com/hiddentao/fast-levenshtein"
"fastparse@1.1.1","MIT","https://github.com/webpack/fastparse"
"fb-watchman@1.9.2","Apache-2.0","https://github.com/facebook/watchman"
"fb-watchman@2.0.0","Apache-2.0","https://github.com/facebook/watchman"
"fbjs@0.8.17","MIT","https://github.com/facebook/fbjs"
"figures@2.0.0","MIT","https://github.com/sindresorhus/figures"
"file-entry-cache@2.0.0","MIT","https://github.com/royriojas/file-entry-cache"
"file-loader@1.1.11","MIT","https://github.com/webpack/file-loader"
"file-type@3.9.0","MIT","https://github.com/sindresorhus/file-type"
"filename-regex@2.0.1","MIT","https://github.com/regexhq/filename-regex"
"fileset@2.0.3","MIT","https://github.com/mklabs/node-fileset"
"filesize@3.6.1","BSD-3-Clause","https://github.com/avoidwork/filesize.js"
"fill-range@2.2.4","MIT","https://github.com/jonschlinkert/fill-range"
"fill-range@4.0.0","MIT","https://github.com/jonschlinkert/fill-range"
"finalhandler@0.5.0","MIT","https://github.com/pillarjs/finalhandler"
"finalhandler@1.1.1","MIT","https://github.com/pillarjs/finalhandler"
"find-cache-dir@1.0.0","MIT","https://github.com/avajs/find-cache-dir"
"find-up@1.1.2","MIT","https://github.com/sindresorhus/find-up"
"find-up@2.1.0","MIT","https://github.com/sindresorhus/find-up"
"flat-cache@1.3.0","MIT","https://github.com/royriojas/flat-cache"
"flatten@1.0.2","MIT","https://github.com/jesusabdullah/node-flatten"
"flush-write-stream@1.0.3","MIT","https://github.com/mafintosh/flush-write-stream"
"for-in@0.1.8","MIT","https://github.com/jonschlinkert/for-in"
"for-in@1.0.2","MIT","https://github.com/jonschlinkert/for-in"
"for-own@0.1.5","MIT","https://github.com/jonschlinkert/for-own"
"for-own@1.0.0","MIT","https://github.com/jonschlinkert/for-own"
"foreach@2.0.5","MIT","https://github.com/manuelstofer/foreach"
"forever-agent@0.6.1","Apache-2.0","https://github.com/mikeal/forever-agent"
"form-data@2.1.4","MIT","https://github.com/form-data/form-data"
"form-data@2.3.2","MIT","https://github.com/form-data/form-data"
"formidable@1.0.17","MIT*","https://github.com/felixge/node-formidable"
"forwarded@0.1.2","MIT","https://github.com/jshttp/forwarded"
"fragment-cache@0.2.1","MIT","https://github.com/jonschlinkert/fragment-cache"
"fresh@0.3.0","MIT","https://github.com/jshttp/fresh"
"fresh@0.5.0","MIT","https://github.com/jshttp/fresh"
"fresh@0.5.2","MIT","https://github.com/jshttp/fresh"
"from2@2.3.0","MIT","https://github.com/hughsk/from2"
"fs-extra@3.0.1","MIT","https://github.com/jprichardson/node-fs-extra"
"fs-minipass@1.2.5","ISC","https://github.com/npm/fs-minipass"
"fs-readdir-recursive@1.1.0","MIT","https://github.com/fs-utils/fs-readdir-recursive"
"fs-write-stream-atomic@1.0.10","ISC","https://github.com/npm/fs-write-stream-atomic"
"fs.realpath@1.0.0","ISC","https://github.com/isaacs/fs.realpath"
"fsevents@1.2.4","MIT","https://github.com/strongloop/fsevents"
"fstream@1.0.11","ISC","https://github.com/npm/fstream"
"function-bind@1.1.1","MIT","https://github.com/Raynos/function-bind"
"function.prototype.name@1.1.0","MIT","https://github.com/ljharb/function.prototype.name"
"functional-red-black-tree@1.0.1","MIT","https://github.com/mikolalysenko/functional-red-black-tree"
"gauge@2.7.4","ISC","https://github.com/iarna/gauge"
"gaze@1.1.3","MIT","https://github.com/shama/gaze"
"generate-function@2.0.0","MIT","https://github.com/mafintosh/generate-function"
"generate-object-property@1.2.0","MIT","https://github.com/mafintosh/generate-object-property"
"get-caller-file@1.0.3","ISC","https://github.com/stefanpenner/get-caller-file"
"get-stdin@4.0.1","MIT","https://github.com/sindresorhus/get-stdin"
"get-stdin@5.0.1","MIT","https://github.com/sindresorhus/get-stdin"
"get-value@2.0.6","MIT","https://github.com/jonschlinkert/get-value"
"getpass@0.1.7","MIT","https://github.com/arekinath/node-getpass"
"glob-base@0.3.0","MIT","https://github.com/jonschlinkert/glob-base"
"glob-parent@2.0.0","ISC","https://github.com/es128/glob-parent"
"glob-parent@3.1.0","ISC","https://github.com/es128/glob-parent"
"glob@7.1.2","ISC","https://github.com/isaacs/node-glob"
"global@4.3.2","MIT","https://github.com/Raynos/global"
"globals@11.7.0","MIT","https://github.com/sindresorhus/globals"
"globals@9.18.0","MIT","https://github.com/sindresorhus/globals"
"globby@5.0.0","MIT","https://github.com/sindresorhus/globby"
"globule@1.2.1","MIT","https://github.com/cowboy/node-globule"
"graceful-fs@4.1.11","ISC","https://github.com/isaacs/node-graceful-fs"
"growly@1.3.0","MIT","https://github.com/theabraham/growly"
"gzip-size@4.1.0","MIT","https://github.com/sindresorhus/gzip-size"
"handlebars@4.0.11","MIT","https://github.com/wycats/handlebars.js"
"har-schema@1.0.5","ISC","https://github.com/ahmadnassri/har-schema"
"har-schema@2.0.0","ISC","https://github.com/ahmadnassri/har-schema"
"har-validator@2.0.6","ISC","https://github.com/ahmadnassri/har-validator"
"har-validator@4.2.1","ISC","https://github.com/ahmadnassri/har-validator"
"har-validator@5.0.3","ISC","https://github.com/ahmadnassri/har-validator"
"hard-source-webpack-plugin@0.7.4","ISC","https://github.com/mzgoddard/hard-source-webpack-plugin"
"harmony-reflect@1.6.0","(Apache-2.0 OR MPL-1.1)","git+https://tvcutsem@github.com/tvcutsem/harmony-reflect"
"has-ansi@0.1.0","MIT","https://github.com/sindresorhus/has-ansi"
"has-ansi@2.0.0","MIT","https://github.com/sindresorhus/has-ansi"
"has-binary@0.1.6","MIT",""
"has-binary@0.1.7","MIT",""
"has-color@0.1.7","MIT","https://github.com/sindresorhus/has-color"
"has-cors@1.1.0","MIT","https://github.com/component/has-cors"
"has-flag@1.0.0","MIT","https://github.com/sindresorhus/has-flag"
"has-flag@2.0.0","MIT","https://github.com/sindresorhus/has-flag"
"has-flag@3.0.0","MIT","https://github.com/sindresorhus/has-flag"
"has-symbols@1.0.0","MIT","https://github.com/ljharb/has-symbols"
"has-unicode@2.0.1","ISC","https://github.com/iarna/has-unicode"
"has-value@0.3.1","MIT","https://github.com/jonschlinkert/has-value"
"has-value@1.0.0","MIT","https://github.com/jonschlinkert/has-value"
"has-values@0.1.4","MIT","https://github.com/jonschlinkert/has-values"
"has-values@1.0.0","MIT","https://github.com/jonschlinkert/has-values"
"has@1.0.3","MIT","https://github.com/tarruda/has"
"hash-base@3.0.4","MIT","https://github.com/crypto-browserify/hash-base"
"hash.js@1.1.5","MIT","https://github.com/indutny/hash.js"
"hawk@3.1.3","BSD-3-Clause","https://github.com/hueniverse/hawk"
"he@1.1.1","MIT","https://github.com/mathiasbynens/he"
"history@4.6.0","MIT","https://github.com/ReactTraining/history"
"history@4.7.2","MIT","https://github.com/ReactTraining/history"
"hmac-drbg@1.0.1","MIT","https://github.com/indutny/hmac-drbg"
"hoek@2.16.3","BSD-3-Clause","https://github.com/hapijs/hoek"
"hoist-non-react-statics@2.5.5","BSD-3-Clause","https://github.com/mridgway/hoist-non-react-statics"
"home-or-tmp@2.0.0","MIT","https://github.com/sindresorhus/home-or-tmp"
"hosted-git-info@2.7.1","ISC","https://github.com/npm/hosted-git-info"
"html-comment-regex@1.1.1","MIT","https://github.com/stevemao/html-comment-regex"
"html-encoding-sniffer@1.0.2","MIT","https://github.com/jsdom/html-encoding-sniffer"
"html-entities@1.2.1","MIT","https://github.com/mdevils/node-html-entities"
"html-minifier@3.5.19","MIT","https://github.com/kangax/html-minifier"
"html-webpack-plugin@3.2.0","MIT","https://github.com/jantimon/html-webpack-plugin"
"htmlparser2@3.3.0","MIT","https://github.com/fb55/htmlparser2"
"htmlparser2@3.9.2","MIT","https://github.com/fb55/htmlparser2"
"http-errors@1.5.1","MIT","https://github.com/jshttp/http-errors"
"http-errors@1.6.2","MIT","https://github.com/jshttp/http-errors"
"http-errors@1.6.3","MIT","https://github.com/jshttp/http-errors"
"http-proxy@1.15.2","MIT","https://github.com/nodejitsu/node-http-proxy"
"http-signature@1.1.1","MIT","https://github.com/joyent/node-http-signature"
"http-signature@1.2.0","MIT","https://github.com/joyent/node-http-signature"
"https-browserify@1.0.0","MIT","https://github.com/substack/https-browserify"
"i@0.3.6","MIT","https://github.com/pksunkara/inflect"
"iconv-lite@0.4.19","MIT","https://github.com/ashtuchkin/iconv-lite"
"iconv-lite@0.4.21","MIT","https://github.com/ashtuchkin/iconv-lite"
"iconv-lite@0.4.23","MIT","https://github.com/ashtuchkin/iconv-lite"
"icss-replace-symbols@1.1.0","ISC","https://github.com/css-modules/icss-replace-symbols"
"icss-utils@2.1.0","ISC","https://github.com/css-modules/icss-utils"
"identity-obj-proxy@3.0.0","MIT","https://github.com/keyanzhang/identity-obj-proxy"
"ieee754@1.1.12","BSD-3-Clause","https://github.com/feross/ieee754"
"iferr@0.1.5","MIT","https://github.com/shesek/iferr"
"ignore-walk@3.0.1","ISC","https://github.com/isaacs/ignore-walk"
"ignore@3.3.10","MIT","https://github.com/kaelzhang/node-ignore"
"immutable@3.8.1","BSD-3-Clause","https://github.com/facebook/immutable-js"
"immutable@3.8.2","MIT","https://github.com/facebook/immutable-js"
"imurmurhash@0.1.4","MIT","https://github.com/jensyt/imurmurhash-js"
"in-publish@2.0.0","ISC","https://github.com/iarna/in-publish"
"indent-string@2.1.0","MIT","https://github.com/sindresorhus/indent-string"
"indexes-of@1.0.1","MIT","https://github.com/dominictarr/indexes-of"
"indexof@0.0.1","MIT*",""
"inflight@1.0.6","ISC","https://github.com/npm/inflight"
"inherits@2.0.1","ISC","https://github.com/isaacs/inherits"
"inherits@2.0.3","ISC","https://github.com/isaacs/inherits"
"ini@1.3.5","ISC","https://github.com/isaacs/ini"
"inquirer@3.3.0","MIT","https://github.com/SBoudrias/Inquirer.js"
"invariant@2.2.4","MIT","https://github.com/zertosh/invariant"
"invert-kv@1.0.0","MIT","https://github.com/sindresorhus/invert-kv"
"ipaddr.js@1.6.0","MIT","https://github.com/whitequark/ipaddr.js"
"is-absolute-url@2.1.0","MIT","https://github.com/sindresorhus/is-absolute-url"
"is-accessor-descriptor@0.1.6","MIT","https://github.com/jonschlinkert/is-accessor-descriptor"
"is-accessor-descriptor@1.0.0","MIT","https://github.com/jonschlinkert/is-accessor-descriptor"
"is-arrayish@0.2.1","MIT","https://github.com/qix-/node-is-arrayish"
"is-binary-path@1.0.1","MIT","https://github.com/sindresorhus/is-binary-path"
"is-buffer@1.1.6","MIT","https://github.com/feross/is-buffer"
"is-builtin-module@1.0.0","MIT","https://github.com/sindresorhus/is-builtin-module"
"is-callable@1.1.4","MIT","https://github.com/ljharb/is-callable"
"is-ci@1.1.0","MIT","https://github.com/watson/is-ci"
"is-data-descriptor@0.1.4","MIT","https://github.com/jonschlinkert/is-data-descriptor"
"is-data-descriptor@1.0.0","MIT","https://github.com/jonschlinkert/is-data-descriptor"
"is-date-object@1.0.1","MIT","https://github.com/ljharb/is-date-object"
"is-descriptor@0.1.6","MIT","https://github.com/jonschlinkert/is-descriptor"
"is-descriptor@1.0.2","MIT","https://github.com/jonschlinkert/is-descriptor"
"is-directory@0.3.1","MIT","https://github.com/jonschlinkert/is-directory"
"is-dotfile@1.0.3","MIT","https://github.com/jonschlinkert/is-dotfile"
"is-equal-shallow@0.1.3","MIT","https://github.com/jonschlinkert/is-equal-shallow"
"is-extendable@0.1.1","MIT","https://github.com/jonschlinkert/is-extendable"
"is-extendable@1.0.1","MIT","https://github.com/jonschlinkert/is-extendable"
"is-extglob@1.0.0","MIT","https://github.com/jonschlinkert/is-extglob"
"is-extglob@2.1.1","MIT","https://github.com/jonschlinkert/is-extglob"
"is-finite@1.0.2","MIT","https://github.com/sindresorhus/is-finite"
"is-fullwidth-code-point@1.0.0","MIT","https://github.com/sindresorhus/is-fullwidth-code-point"
"is-fullwidth-code-point@2.0.0","MIT","https://github.com/sindresorhus/is-fullwidth-code-point"
"is-glob@2.0.1","MIT","https://github.com/jonschlinkert/is-glob"
"is-glob@3.1.0","MIT","https://github.com/jonschlinkert/is-glob"
"is-glob@4.0.0","MIT","https://github.com/jonschlinkert/is-glob"
"is-my-ip-valid@1.0.0","MIT","https://github.com/LinusU/is-my-ip-valid"
"is-my-json-valid@2.17.2","MIT","https://github.com/mafintosh/is-my-json-valid"
"is-number-like@1.0.8","ISC","https://github.com/vigour-io/is-number-like"
"is-number@2.1.0","MIT","https://github.com/jonschlinkert/is-number"
"is-number@3.0.0","MIT","https://github.com/jonschlinkert/is-number"
"is-number@4.0.0","MIT","https://github.com/jonschlinkert/is-number"
"is-path-cwd@1.0.0","MIT","https://github.com/sindresorhus/is-path-cwd"
"is-path-in-cwd@1.0.1","MIT","https://github.com/sindresorhus/is-path-in-cwd"
"is-path-inside@1.0.1","MIT","https://github.com/sindresorhus/is-path-inside"
"is-plain-obj@1.1.0","MIT","https://github.com/sindresorhus/is-plain-obj"
"is-plain-object@2.0.4","MIT","https://github.com/jonschlinkert/is-plain-object"
"is-posix-bracket@0.1.1","MIT","https://github.com/jonschlinkert/is-posix-bracket"
"is-primitive@2.0.0","MIT","https://github.com/jonschlinkert/is-primitive"
"is-promise@2.1.0","MIT","https://github.com/then/is-promise"
"is-property@1.0.2","MIT","https://github.com/mikolalysenko/is-property"
"is-regex@1.0.4","MIT","https://github.com/ljharb/is-regex"
"is-resolvable@1.1.0","ISC","https://github.com/shinnn/is-resolvable"
"is-stream@1.1.0","MIT","https://github.com/sindresorhus/is-stream"
"is-subset@0.1.1","MIT","https://github.com/studio-b12/is-subset"
"is-svg@2.1.0","MIT","https://github.com/sindresorhus/is-svg"
"is-symbol@1.0.1","MIT","https://github.com/ljharb/is-symbol"
"is-typedarray@1.0.0","MIT","https://github.com/hughsk/is-typedarray"
"is-utf8@0.2.1","MIT","https://github.com/wayfind/is-utf8"
"is-windows@1.0.2","MIT","https://github.com/jonschlinkert/is-windows"
"isarray@0.0.1","MIT","https://github.com/juliangruber/isarray"
"isarray@1.0.0","MIT","https://github.com/juliangruber/isarray"
"isexe@2.0.0","ISC","https://github.com/isaacs/isexe"
"isobject@2.1.0","MIT","https://github.com/jonschlinkert/isobject"
"isobject@3.0.1","MIT","https://github.com/jonschlinkert/isobject"
"isomorphic-fetch@2.2.1","MIT","https://github.com/matthew-andrews/isomorphic-fetch"
"isstream@0.1.2","MIT","https://github.com/rvagg/isstream"
"istanbul-api@1.3.1","BSD-3-Clause","https://github.com/istanbuljs/istanbuljs"
"istanbul-lib-coverage@1.2.0","BSD-3-Clause","https://github.com/istanbuljs/istanbuljs"
"istanbul-lib-hook@1.2.1","BSD-3-Clause","https://github.com/istanbuljs/istanbuljs"
"istanbul-lib-instrument@1.10.1","BSD-3-Clause","https://github.com/istanbuljs/istanbuljs"
"istanbul-lib-report@1.1.4","BSD-3-Clause","https://github.com/istanbuljs/istanbuljs"
"istanbul-lib-source-maps@1.2.3","BSD-3-Clause","https://github.com/istanbuljs/istanbuljs"
"istanbul-lib-source-maps@1.2.5","BSD-3-Clause","https://github.com/istanbuljs/istanbuljs"
"istanbul-reports@1.3.0","BSD-3-Clause","https://github.com/istanbuljs/istanbuljs"
"jest-changed-files@20.0.3","BSD-3-Clause","https://github.com/facebook/jest"
"jest-cli@20.0.4","BSD-3-Clause","https://github.com/facebook/jest"
"jest-config@20.0.4","BSD-3-Clause","https://github.com/facebook/jest"
"jest-diff@20.0.3","BSD-3-Clause","https://github.com/facebook/jest"
"jest-docblock@20.0.3","BSD-3-Clause","https://github.com/facebook/jest"
"jest-environment-jsdom@20.0.3","BSD-3-Clause","https://github.com/facebook/jest"
"jest-environment-node@20.0.3","BSD-3-Clause","https://github.com/facebook/jest"
"jest-haste-map@20.0.5","BSD-3-Clause","https://github.com/facebook/jest"
"jest-jasmine2@20.0.4","BSD-3-Clause","https://github.com/facebook/jest"
"jest-matcher-utils@20.0.3","BSD-3-Clause","https://github.com/facebook/jest"
"jest-matchers@20.0.3","BSD-3-Clause","https://github.com/facebook/jest"
"jest-message-util@20.0.3","BSD-3-Clause","https://github.com/facebook/jest"
"jest-mock@20.0.3","BSD-3-Clause","https://github.com/facebook/jest"
"jest-regex-util@20.0.3","BSD-3-Clause","https://github.com/facebook/jest"
"jest-resolve-dependencies@20.0.3","BSD-3-Clause","https://github.com/facebook/jest"
"jest-resolve@20.0.4","BSD-3-Clause","https://github.com/facebook/jest"
"jest-runtime@20.0.4","BSD-3-Clause","https://github.com/facebook/jest"
"jest-snapshot@20.0.3","BSD-3-Clause","https://github.com/facebook/jest"
"jest-util@20.0.3","BSD-3-Clause","https://github.com/facebook/jest"
"jest-validate@20.0.3","BSD-3-Clause","https://github.com/facebook/jest"
"jest@20.0.4","BSD-3-Clause","https://github.com/facebook/jest"
"js-base64@2.4.6","BSD-3-Clause","https://github.com/dankogai/js-base64"
"js-cookie@2.2.0","MIT","https://github.com/js-cookie/js-cookie"
"js-tokens@3.0.2","MIT","https://github.com/lydell/js-tokens"
"js-tokens@4.0.0","MIT","https://github.com/lydell/js-tokens"
"js-yaml@3.12.0","MIT","https://github.com/nodeca/js-yaml"
"js-yaml@3.6.1","MIT","https://github.com/nodeca/js-yaml"
"js-yaml@3.7.0","MIT","https://github.com/nodeca/js-yaml"
"jsbn@0.1.1","MIT","https://github.com/andyperlitch/jsbn"
"jsdom@9.12.0","MIT","https://github.com/tmpvar/jsdom"
"jsesc@0.5.0","MIT","https://github.com/mathiasbynens/jsesc"
"jsesc@1.3.0","MIT","https://github.com/mathiasbynens/jsesc"
"json-loader@0.5.4","MIT","https://github.com/webpack/json-loader"
"json-schema-traverse@0.3.1","MIT","https://github.com/epoberezkin/json-schema-traverse"
"json-schema-traverse@0.4.1","MIT","https://github.com/epoberezkin/json-schema-traverse"
"json-schema@0.2.3","AFLv2.1,BSD","https://github.com/kriszyp/json-schema"
"json-stable-stringify-without-jsonify@1.0.1","MIT","https://github.com/samn/json-stable-stringify"
"json-stable-stringify@1.0.1","MIT","https://github.com/substack/json-stable-stringify"
"json-stringify-safe@5.0.1","ISC","https://github.com/isaacs/json-stringify-safe"
"json3@3.3.2","MIT","https://github.com/bestiejs/json3"
"json5@0.5.1","MIT","https://github.com/aseemk/json5"
"jsonfile@3.0.1","MIT","https://github.com/jprichardson/node-jsonfile"
"jsonify@0.0.0","Public Domain","https://github.com/substack/jsonify"
"jsonlint@1.6.3","MIT*","https://github.com/zaach/jsonlint"
"jsonpointer@4.0.1","MIT","https://github.com/janl/node-jsonpointer"
"jsprim@1.4.1","MIT","https://github.com/joyent/node-jsprim"
"jsx-ast-utils@2.0.1","MIT","https://github.com/evcohen/jsx-ast-utils"
"keypress@0.2.1","MIT","https://github.com/TooTallNate/keypress"
"kind-of@2.0.1","MIT","https://github.com/jonschlinkert/kind-of"
"kind-of@3.2.2","MIT","https://github.com/jonschlinkert/kind-of"
"kind-of@4.0.0","MIT","https://github.com/jonschlinkert/kind-of"
"kind-of@5.1.0","MIT","https://github.com/jonschlinkert/kind-of"
"kind-of@6.0.2","MIT","https://github.com/jonschlinkert/kind-of"
"lazy-cache@0.2.7","MIT","https://github.com/jonschlinkert/lazy-cache"
"lazy-cache@1.0.4","MIT","https://github.com/jonschlinkert/lazy-cache"
"lcid@1.0.0","MIT","https://github.com/sindresorhus/lcid"
"lcov-parse@0.0.10","BSD-3-Clause","https://github.com/davglass/lcov-parse"
"leven@2.1.0","MIT","https://github.com/sindresorhus/leven"
"levn@0.3.0","MIT","https://github.com/gkz/levn"
"limiter@1.1.3","MIT","https://github.com/jhurliman/node-rate-limiter"
"load-json-file@1.1.0","MIT","https://github.com/sindresorhus/load-json-file"
"load-json-file@2.0.0","MIT","https://github.com/sindresorhus/load-json-file"
"loader-runner@2.3.0","MIT","https://github.com/webpack/loader-runner"
"loader-utils@0.2.17","MIT","https://github.com/webpack/loader-utils"
"loader-utils@1.1.0","MIT","https://github.com/webpack/loader-utils"
"localtunnel@1.8.2","MIT","https://github.com/localtunnel/localtunnel"
"locate-path@2.0.0","MIT","https://github.com/sindresorhus/locate-path"
"lodash.assign@4.2.0","MIT","https://github.com/lodash/lodash"
"lodash.camelcase@4.3.0","MIT","https://github.com/lodash/lodash"
"lodash.clonedeep@4.5.0","MIT","https://github.com/lodash/lodash"
"lodash.debounce@4.0.8","MIT","https://github.com/lodash/lodash"
"lodash.flattendeep@4.4.0","MIT","https://github.com/lodash/lodash"
"lodash.isfinite@3.3.2","MIT","https://github.com/lodash/lodash"
"lodash.memoize@4.1.2","MIT","https://github.com/lodash/lodash"
"lodash.mergewith@4.6.1","MIT","https://github.com/lodash/lodash"
"lodash.tail@4.1.1","MIT","https://github.com/lodash/lodash"
"lodash.uniq@4.5.0","MIT","https://github.com/lodash/lodash"
"lodash@3.10.1","MIT","https://github.com/lodash/lodash"
"lodash@4.17.10","MIT","https://github.com/lodash/lodash"
"log-driver@1.2.5","Custom: http://linuxcommand.org/man","https://github.com/cainus/logdriver"
"log-symbols@2.2.0","MIT","https://github.com/sindresorhus/log-symbols"
"loglevelnext@1.0.5","MIT","https://github.com/shellscape/loglevelnext"
"longest@1.0.1","MIT","https://github.com/jonschlinkert/longest"
"loose-envify@1.4.0","MIT","https://github.com/zertosh/loose-envify"
"loud-rejection@1.6.0","MIT","https://github.com/sindresorhus/loud-rejection"
"lower-case@1.1.4","MIT","https://github.com/blakeembrey/lower-case"
"lru-cache@2.7.3","ISC","https://github.com/isaacs/node-lru-cache"
"lru-cache@4.1.3","ISC","https://github.com/isaacs/node-lru-cache"
"make-dir@1.3.0","MIT","https://github.com/sindresorhus/make-dir"
"makeerror@1.0.11","BSD-3-Clause","https://github.com/daaku/nodejs-makeerror"
"map-cache@0.2.2","MIT","https://github.com/jonschlinkert/map-cache"
"map-obj@1.0.1","MIT","https://github.com/sindresorhus/map-obj"
"map-visit@1.0.0","MIT","https://github.com/jonschlinkert/map-visit"
"math-expression-evaluator@1.2.17","MIT","https://github.com/redhivesoftware/math-expression-evaluator.git#readme"
"math-random@1.0.1","MIT","https://github.com/michaelrhodes/math-random"
"md5.js@1.3.4","MIT","https://github.com/crypto-browserify/md5.js"
"md5@2.2.1","BSD-3-Clause","https://github.com/pvorb/node-md5"
"media-typer@0.3.0","MIT","https://github.com/jshttp/media-typer"
"memory-fs@0.4.1","MIT","https://github.com/webpack/memory-fs"
"meow@3.7.0","MIT","https://github.com/sindresorhus/meow"
"merge-descriptors@1.0.1","MIT","https://github.com/component/merge-descriptors"
"merge@1.2.0","MIT","https://github.com/yeikos/js.merge"
"methods@1.1.2","MIT","https://github.com/jshttp/methods"
"micromatch@2.3.11","MIT","https://github.com/jonschlinkert/micromatch"
"micromatch@3.1.10","MIT","https://github.com/micromatch/micromatch"
"miller-rabin@4.0.1","MIT","https://github.com/indutny/miller-rabin"
"mime-db@1.33.0","MIT","https://github.com/jshttp/mime-db"
"mime-types@2.1.18","MIT","https://github.com/jshttp/mime-types"
"mime@1.2.4","MIT*","https://github.com/bentomas/node-mime"
"mime@1.3.4","MIT","https://github.com/broofa/node-mime"
"mime@1.4.1","MIT","https://github.com/broofa/node-mime"
"mime@2.3.1","MIT","https://github.com/broofa/node-mime"
"mimic-fn@1.2.0","MIT","https://github.com/sindresorhus/mimic-fn"
"min-document@2.19.0","MIT","https://github.com/Raynos/min-document"
"minimalistic-assert@1.0.1","ISC","https://github.com/calvinmetcalf/minimalistic-assert"
"minimalistic-crypto-utils@1.0.1","MIT","https://github.com/indutny/minimalistic-crypto-utils"
"minimatch@0.2.14","MIT","https://github.com/isaacs/minimatch"
"minimatch@3.0.4","ISC","https://github.com/isaacs/minimatch"
"minimist@0.0.10","MIT","https://github.com/substack/minimist"
"minimist@0.0.8","MIT","https://github.com/substack/minimist"
"minimist@1.2.0","MIT","https://github.com/substack/minimist"
"minipass@2.2.4","ISC","https://github.com/isaacs/minipass"
"minipass@2.3.3","ISC","https://github.com/isaacs/minipass"
"minizlib@1.1.0","MIT","https://github.com/isaacs/minizlib"
"mississippi@2.0.0","BSD-2-Clause","https://github.com/maxogden/mississippi"
"mixin-deep@1.3.1","MIT","https://github.com/jonschlinkert/mixin-deep"
"mixin-object@2.0.1","MIT","https://github.com/jonschlinkert/mixin-object"
"mkdirp@0.3.0","MIT*","https://github.com/substack/node-mkdirp"
"mkdirp@0.5.1","MIT","https://github.com/substack/node-mkdirp"
"mockdate@2.0.1","MIT","https://github.com/boblauer/MockDate"
"move-concurrently@1.0.1","ISC","https://github.com/npm/move-concurrently"
"ms@0.7.1","MIT*","https://github.com/guille/ms.js"
"ms@0.7.2","MIT","https://github.com/zeit/ms"
"ms@0.7.3","MIT","https://github.com/zeit/ms"
"ms@1.0.0","MIT","https://github.com/zeit/ms"
"ms@2.0.0","MIT","https://github.com/zeit/ms"
"mute-stream@0.0.7","ISC","https://github.com/isaacs/mute-stream"
"nan@2.10.0","MIT","https://github.com/nodejs/nan"
"nanomatch@1.2.13","MIT","https://github.com/micromatch/nanomatch"
"natural-compare@1.4.0","MIT","https://github.com/litejs/natural-compare-lite"
"ncp@1.0.1","MIT","https://github.com/AvianFlu/ncp"
"nearley@2.13.0","MIT","https://github.com/hardmath123/nearley"
"needle@2.2.0","MIT","https://github.com/tomas/needle"
"needle@2.2.1","MIT","https://github.com/tomas/needle"
"negotiator@0.6.1","MIT","https://github.com/jshttp/negotiator"
"neo-async@2.5.1","MIT","https://github.com/suguru03/neo-async"
"next-tick@1.0.0","MIT","https://github.com/medikoo/next-tick"
"no-case@2.3.2","MIT","https://github.com/blakeembrey/no-case"
"node-bin-setup@1.0.6","ISC",""
"node-darwin-x64@8.9.4","MIT*",""
"node-fetch@1.7.3","MIT","https://github.com/bitinn/node-fetch"
"node-gyp@3.7.0","MIT","https://github.com/nodejs/node-gyp"
"node-int64@0.4.0","MIT","https://github.com/broofa/node-int64"
"node-libs-browser@2.1.0","MIT","https://github.com/webpack/node-libs-browser"
"node-notifier@5.2.1","MIT","https://github.com/mikaelbr/node-notifier"
"node-object-hash@1.4.1","ISC","https://github.com/SkeLLLa/node-object-hash"
"node-pre-gyp@0.10.0","BSD-3-Clause","https://github.com/mapbox/node-pre-gyp"
"node-pre-gyp@0.10.3","BSD-3-Clause","https://github.com/mapbox/node-pre-gyp"
"node-sass@4.5.3","MIT","https://github.com/sass/node-sass"
"node-uuid@1.4.8","MIT","https://github.com/broofa/node-uuid"
"node@8.9.4","ISC","https://github.com/aredridel/node-bin-gen"
"nomnom@1.6.2","MIT*","https://github.com/harthur/nomnom"
"nomnom@1.8.1","MIT*","https://github.com/harthur/nomnom"
"nopt@3.0.6","ISC","https://github.com/npm/nopt"
"nopt@4.0.1","ISC","https://github.com/npm/nopt"
"normalize-package-data@2.4.0","BSD-2-Clause","https://github.com/npm/normalize-package-data"
"normalize-path@2.1.1","MIT","https://github.com/jonschlinkert/normalize-path"
"normalize-range@0.1.2","MIT","https://github.com/jamestalmage/normalize-range"
"normalize-url@1.9.1","MIT","https://github.com/sindresorhus/normalize-url"
"npm-bundled@1.0.3","ISC","https://github.com/npm/npm-bundled"
"npm-packlist@1.1.10","ISC","https://github.com/npm/npm-packlist"
"npmlog@4.1.2","ISC","https://github.com/npm/npmlog"
"nth-check@1.0.1","BSD*","https://github.com/fb55/nth-check"
"num2fraction@1.2.2","MIT","https://github.com/yisibl/num2fraction"
"number-is-nan@1.0.1","MIT","https://github.com/sindresorhus/number-is-nan"
"nwmatcher@1.4.4","MIT","https://github.com/dperini/nwmatcher"
"oauth-sign@0.8.2","Apache-2.0","https://github.com/mikeal/oauth-sign"
"object-assign@4.1.0","MIT","https://github.com/sindresorhus/object-assign"
"object-assign@4.1.1","MIT","https://github.com/sindresorhus/object-assign"
"object-component@0.0.3","MIT*",""
"object-copy@0.1.0","MIT","https://github.com/jonschlinkert/object-copy"
"object-is@1.0.1","MIT","https://github.com/ljharb/object-is"
"object-keys@1.0.12","MIT","https://github.com/ljharb/object-keys"
"object-path@0.9.2","MIT","https://github.com/mariocasciaro/object-path"
"object-visit@1.0.1","MIT","https://github.com/jonschlinkert/object-visit"
"object.assign@4.1.0","MIT","https://github.com/ljharb/object.assign"
"object.entries@1.0.4","MIT","https://github.com/es-shims/Object.entries"
"object.getownpropertydescriptors@2.0.3","MIT","https://github.com/ljharb/object.getownpropertydescriptors"
"object.omit@2.0.1","MIT","https://github.com/jonschlinkert/object.omit"
"object.pick@1.3.0","MIT","https://github.com/jonschlinkert/object.pick"
"object.values@1.0.4","MIT","https://github.com/es-shims/Object.values"
"on-finished@2.3.0","MIT","https://github.com/jshttp/on-finished"
"once@1.4.0","ISC","https://github.com/isaacs/once"
"onetime@2.0.1","MIT","https://github.com/sindresorhus/onetime"
"opener@1.4.3","(WTFPL OR MIT)","https://github.com/domenic/opener"
"openurl@1.1.0","MIT","https://github.com/rauschma/openurl"
"opn-cli@3.1.0","MIT","https://github.com/sindresorhus/opn-cli"
"opn@4.0.2","MIT","https://github.com/sindresorhus/opn"
"optimist@0.6.1","MIT*","https://github.com/substack/node-optimist"
"optionator@0.8.2","MIT","https://github.com/gkz/optionator"
"options@0.0.6","MIT*","https://github.com/einaros/options.js"
"os-browserify@0.3.0","MIT","https://github.com/CoderPuppy/os-browserify"
"os-homedir@1.0.2","MIT","https://github.com/sindresorhus/os-homedir"
"os-locale@1.4.0","MIT","https://github.com/sindresorhus/os-locale"
"os-tmpdir@1.0.2","MIT","https://github.com/sindresorhus/os-tmpdir"
"osenv@0.1.5","ISC","https://github.com/npm/osenv"
"output-file-sync@1.1.2","MIT","https://github.com/shinnn/output-file-sync"
"p-limit@1.3.0","MIT","https://github.com/sindresorhus/p-limit"
"p-locate@2.0.0","MIT","https://github.com/sindresorhus/p-locate"
"p-map@1.2.0","MIT","https://github.com/sindresorhus/p-map"
"p-try@1.0.0","MIT","https://github.com/sindresorhus/p-try"
"pako@1.0.6","(MIT AND Zlib)","https://github.com/nodeca/pako"
"parallel-transform@1.1.0","MIT","https://github.com/mafintosh/parallel-transform"
"param-case@2.1.1","MIT","https://github.com/blakeembrey/param-case"
"parse-asn1@5.1.1","ISC","https://github.com/crypto-browserify/parse-asn1"
"parse-glob@3.0.4","MIT","https://github.com/jonschlinkert/parse-glob"
"parse-json@2.2.0","MIT","https://github.com/sindresorhus/parse-json"
"parse5@1.5.1","MIT","https://github.com/inikulin/parse5"
"parse5@3.0.3","MIT","https://github.com/inikulin/parse5"
"parsejson@0.0.3","MIT","https://github.com/get/parsejson"
"parseqs@0.0.5","MIT","https://github.com/get/querystring"
"parseuri@0.0.5","MIT","https://github.com/get/parseuri"
"parseurl@1.3.2","MIT","https://github.com/pillarjs/parseurl"
"pascalcase@0.1.1","MIT","https://github.com/jonschlinkert/pascalcase"
"path-browserify@0.0.0","MIT","https://github.com/substack/path-browserify"
"path-dirname@1.0.2","MIT","https://github.com/es128/path-dirname"
"path-exists@2.1.0","MIT","https://github.com/sindresorhus/path-exists"
"path-exists@3.0.0","MIT","https://github.com/sindresorhus/path-exists"
"path-is-absolute@1.0.1","MIT","https://github.com/sindresorhus/path-is-absolute"
"path-is-inside@1.0.2","(WTFPL OR MIT)","https://github.com/domenic/path-is-inside"
"path-parse@1.0.5","MIT","https://github.com/jbgutierrez/path-parse"
"path-to-regexp@0.1.7","MIT","https://github.com/component/path-to-regexp"
"path-to-regexp@1.7.0","MIT","https://github.com/pillarjs/path-to-regexp"
"path-type@1.1.0","MIT","https://github.com/sindresorhus/path-type"
"path-type@2.0.0","MIT","https://github.com/sindresorhus/path-type"
"pbkdf2@3.0.16","MIT","https://github.com/crypto-browserify/pbkdf2"
"performance-now@0.2.0","MIT","https://github.com/meryn/performance-now"
"performance-now@2.1.0","MIT","https://github.com/braveg1rl/performance-now"
"pify@2.3.0","MIT","https://github.com/sindresorhus/pify"
"pify@3.0.0","MIT","https://github.com/sindresorhus/pify"
"pinkie-promise@2.0.1","MIT","https://github.com/floatdrop/pinkie-promise"
"pinkie@2.0.4","MIT","https://github.com/floatdrop/pinkie"
"pkg-dir@1.0.0","MIT","https://github.com/sindresorhus/pkg-dir"
"pkg-dir@2.0.0","MIT","https://github.com/sindresorhus/pkg-dir"
"pkginfo@0.3.1","MIT","https://github.com/indexzero/node-pkginfo"
"pkginfo@0.4.1","MIT","https://github.com/indexzero/node-pkginfo"
"pluralize@7.0.0","MIT","https://github.com/blakeembrey/pluralize"
"portscanner@2.1.1","MIT","https://github.com/baalexander/node-portscanner"
"posix-character-classes@0.1.1","MIT","https://github.com/jonschlinkert/posix-character-classes"
"postcss-calc@5.3.1","MIT","https://github.com/postcss/postcss-calc"
"postcss-colormin@2.2.2","MIT","https://github.com/ben-eb/postcss-colormin"
"postcss-convert-values@2.6.1","MIT","https://github.com/ben-eb/postcss-convert-values"
"postcss-discard-comments@2.0.4","MIT","https://github.com/ben-eb/postcss-discard-comments"
"postcss-discard-duplicates@2.1.0","MIT","https://github.com/ben-eb/postcss-discard-duplicates"
"postcss-discard-empty@2.1.0","MIT","https://github.com/ben-eb/postcss-discard-empty"
"postcss-discard-overridden@0.1.1","MIT","https://github.com/Justineo/postcss-discard-overridden"
"postcss-discard-unused@2.2.3","MIT","https://github.com/ben-eb/postcss-discard-unused"
"postcss-filter-plugins@2.0.3","MIT","https://github.com/postcss/postcss-filter-plugins"
"postcss-load-config@1.2.0","MIT","https://github.com/michael-ciniawsky/postcss-load-config"
"postcss-load-options@1.2.0","MIT","https://github.com/michael-ciniawsky/postcss-load-options"
"postcss-load-plugins@2.3.0","MIT","https://github.com/michael-ciniawsky/postcss-load-plugins"
"postcss-loader@2.0.6","MIT","https://github.com/postcss/postcss-loader"
"postcss-merge-idents@2.1.7","MIT","https://github.com/ben-eb/postcss-merge-idents"
"postcss-merge-longhand@2.0.2","MIT","https://github.com/ben-eb/postcss-merge-longhand"
"postcss-merge-rules@2.1.2","MIT","https://github.com/ben-eb/postcss-merge-rules"
"postcss-message-helpers@2.0.0","MIT","https://github.com/MoOx/postcss-message-helpers"
"postcss-minify-font-values@1.0.5","MIT","https://github.com/TrySound/postcss-minify-font-values"
"postcss-minify-gradients@1.0.5","MIT","https://github.com/ben-eb/postcss-minify-gradients"
"postcss-minify-params@1.2.2","MIT","https://github.com/ben-eb/postcss-minify-params"
"postcss-minify-selectors@2.1.1","MIT","https://github.com/ben-eb/postcss-minify-selectors"
"postcss-modules-extract-imports@1.1.0","ISC","https://github.com/css-modules/postcss-modules-extract-imports"
"postcss-modules-local-by-default@1.2.0","MIT","https://github.com/css-modules/postcss-modules-local-by-default"
"postcss-modules-scope@1.1.0","ISC","https://github.com/css-modules/postcss-modules-scope"
"postcss-modules-values@1.3.0","ISC","https://github.com/css-modules/postcss-modules-values"
"postcss-normalize-charset@1.1.1","MIT","https://github.com/ben-eb/postcss-charset"
"postcss-normalize-url@3.0.8","MIT","https://github.com/ben-eb/postcss-normalize-url"
"postcss-ordered-values@2.2.3","MIT","https://github.com/ben-eb/postcss-ordered-values"
"postcss-reduce-idents@2.4.0","MIT","https://github.com/ben-eb/postcss-reduce-idents"
"postcss-reduce-initial@1.0.1","MIT","https://github.com/ben-eb/postcss-reduce-initial"
"postcss-reduce-transforms@1.0.4","MIT","https://github.com/ben-eb/postcss-reduce-transforms"
"postcss-selector-parser@2.2.3","MIT","https://github.com/postcss/postcss-selector-parser"
"postcss-svgo@2.1.6","MIT","https://github.com/ben-eb/postcss-svgo"
"postcss-unique-selectors@2.0.2","MIT","https://github.com/ben-eb/postcss-unique-selectors"
"postcss-value-parser@3.3.0","MIT","https://github.com/TrySound/postcss-value-parser"
"postcss-zindex@2.2.0","MIT","https://github.com/ben-eb/postcss-zindex"
"postcss@5.2.18","MIT","https://github.com/postcss/postcss"
"postcss@6.0.23","MIT","https://github.com/postcss/postcss"
"prelude-ls@1.1.2","MIT","https://github.com/gkz/prelude-ls"
"prepend-http@1.0.4","MIT","https://github.com/sindresorhus/prepend-http"
"preserve@0.2.0","MIT","https://github.com/jonschlinkert/preserve"
"pretty-error@2.1.1","MIT","https://github.com/AriaMinaei/pretty-error"
"pretty-format@20.0.3","BSD-3-Clause","https://github.com/facebook/jest"
"private@0.1.8","MIT","https://github.com/benjamn/private"
"process-nextick-args@2.0.0","MIT","https://github.com/calvinmetcalf/process-nextick-args"
"process@0.11.10","MIT","https://github.com/shtylman/node-process"
"process@0.5.2","MIT*","https://github.com/shtylman/node-process"
"progress@2.0.0","MIT","https://github.com/visionmedia/node-progress"
"promise-inflight@1.0.1","ISC","https://github.com/iarna/promise-inflight"
"promise@7.3.1","MIT","https://github.com/then/promise"
"prompt@1.0.0","MIT","https://github.com/flatiron/prompt"
"prop-types@15.5.10","BSD-3-Clause","https://github.com/reactjs/prop-types"
"prop-types@15.6.2","MIT","https://github.com/facebook/prop-types"
"proxy-addr@2.0.3","MIT","https://github.com/jshttp/proxy-addr"
"prr@1.0.1","MIT","https://github.com/rvagg/prr"
"pseudomap@1.0.2","ISC","https://github.com/isaacs/pseudomap"
"psl@1.1.28","MIT","https://github.com/wrangr/psl"
"public-encrypt@4.0.2","MIT","https://github.com/crypto-browserify/publicEncrypt"
"pump@2.0.1","MIT","https://github.com/mafintosh/pump"
"pumpify@1.5.1","MIT","https://github.com/mafintosh/pumpify"
"punycode@1.3.2","MIT","https://github.com/bestiejs/punycode.js"
"punycode@1.4.1","MIT","https://github.com/bestiejs/punycode.js"
"punycode@2.1.1","MIT","https://github.com/bestiejs/punycode.js"
"q@1.5.1","MIT","https://github.com/kriskowal/q"
"qs@0.4.2","MIT*","https://github.com/visionmedia/node-querystring"
"qs@6.2.1","BSD-3-Clause","https://github.com/ljharb/qs"
"qs@6.3.2","BSD-3-Clause","https://github.com/ljharb/qs"
"qs@6.4.0","BSD-3-Clause","https://github.com/ljharb/qs"
"qs@6.5.1","BSD-3-Clause","https://github.com/ljharb/qs"
"qs@6.5.2","BSD-3-Clause","https://github.com/ljharb/qs"
"query-string@4.3.4","MIT","https://github.com/sindresorhus/query-string"
"query-string@5.1.1","MIT","https://github.com/sindresorhus/query-string"
"querystring-es3@0.2.1","MIT","https://github.com/mike-spainhower/querystring"
"querystring@0.2.0","MIT","https://github.com/Gozala/querystring"
"raf@3.3.2","MIT","https://github.com/chrisdickinson/raf"
"raf@3.4.0","MIT","https://github.com/chrisdickinson/raf"
"railroad-diagrams@1.0.0","CC0-1.0","https://github.com/tabatkins/railroad-diagrams"
"randexp@0.4.6","MIT","https://github.com/fent/randexp.js"
"randomatic@3.0.0","MIT","https://github.com/jonschlinkert/randomatic"
"randombytes@2.0.6","MIT","https://github.com/crypto-browserify/randombytes"
"randomfill@1.0.4","MIT","https://github.com/crypto-browserify/randomfill"
"range-parser@1.2.0","MIT","https://github.com/jshttp/range-parser"
"raw-body@2.3.2","MIT","https://github.com/stream-utils/raw-body"
"rc@1.2.7","(BSD-2-Clause OR MIT OR Apache-2.0)","https://github.com/dominictarr/rc"
"rc@1.2.8","(BSD-2-Clause OR MIT OR Apache-2.0)","https://github.com/dominictarr/rc"
"react-dom@16.2.0","MIT","https://github.com/facebook/react"
"react-hot-loader@4.0.1","MIT","https://github.com/gaearon/react-hot-loader"
"react-router-dom@4.2.2","MIT","https://github.com/ReactTraining/react-router"
"react-router@4.3.1","MIT","https://github.com/ReactTraining/react-router"
"react-test-renderer@16.0.0","MIT","https://github.com/facebook/react"
"react@16.2.0","MIT","https://github.com/facebook/react"
"read-pkg-up@1.0.1","MIT","https://github.com/sindresorhus/read-pkg-up"
"read-pkg-up@2.0.0","MIT","https://github.com/sindresorhus/read-pkg-up"
"read-pkg@1.1.0","MIT","https://github.com/sindresorhus/read-pkg"
"read-pkg@2.0.0","MIT","https://github.com/sindresorhus/read-pkg"
"read@1.0.7","ISC","https://github.com/isaacs/read"
"readable-stream@1.0.34","MIT","https://github.com/isaacs/readable-stream"
"readable-stream@2.3.6","MIT","https://github.com/nodejs/readable-stream"
"readdirp@2.1.0","MIT","https://github.com/thlorenz/readdirp"
"redent@1.0.0","MIT","https://github.com/sindresorhus/redent"
"reduce-css-calc@1.3.0","MIT","https://github.com/MoOx/reduce-css-calc"
"reduce-function-call@1.0.2","MIT","https://github.com/MoOx/reduce-function-call"
"redux-immutable-state-invariant@2.0.0","MIT","https://github.com/leoasis/redux-immutable-state-invariant"
"redux-mock-store@1.3.0","MIT","https://github.com/arnaudbenard/redux-mock-store"
"regenerate@1.4.0","MIT","https://github.com/mathiasbynens/regenerate"
"regenerator-runtime@0.10.5","MIT","https://github.com/facebook/regenerator/tree/master/packages/regenerator-runtime"
"regenerator-runtime@0.11.1","MIT","https://github.com/facebook/regenerator/tree/master/packages/regenerator-runtime"
"regenerator-transform@0.10.1","BSD*","https://github.com/facebook/regenerator/tree/master/packages/regenerator-transform"
"regex-cache@0.4.4","MIT","https://github.com/jonschlinkert/regex-cache"
"regex-not@1.0.2","MIT","https://github.com/jonschlinkert/regex-not"
"regexpp@1.1.0","MIT","https://github.com/mysticatea/regexpp"
"regexpu-core@1.0.0","MIT","https://github.com/mathiasbynens/regexpu-core"
"regexpu-core@2.0.0","MIT","https://github.com/mathiasbynens/regexpu-core"
"regjsgen@0.2.0","MIT","https://github.com/d10/regjsgen"
"regjsparser@0.1.5","BSD*","https://github.com/jviereck/regjsparser"
"relateurl@0.2.7","MIT","https://github.com/stevenvachon/relateurl"
"remove-trailing-separator@1.1.0","ISC","https://github.com/darsain/remove-trailing-separator"
"renderkid@2.0.1","MIT","https://github.com/AriaMinaei/RenderKid"
"repeat-element@1.1.2","MIT","https://github.com/jonschlinkert/repeat-element"
"repeat-string@1.6.1","MIT","https://github.com/jonschlinkert/repeat-string"
"repeating@2.0.1","MIT","https://github.com/sindresorhus/repeating"
"replace@0.3.0","MIT","https://github.com/harthur/replace"
"request@2.78.0","Apache-2.0","https://github.com/request/request"
"request@2.79.0","Apache-2.0","https://github.com/request/request"
"request@2.81.0","Apache-2.0","https://github.com/request/request"
"request@2.87.0","Apache-2.0","https://github.com/request/request"
"require-directory@2.1.1","MIT","https://github.com/troygoode/node-require-directory"
"require-from-string@1.2.1","MIT","https://github.com/floatdrop/require-from-string"
"require-main-filename@1.0.1","ISC","https://github.com/yargs/require-main-filename"
"require-uncached@1.0.3","MIT","https://github.com/sindresorhus/require-uncached"
"requires-port@1.0.0","MIT","https://github.com/unshiftio/requires-port"
"resolve-from@1.0.1","MIT","https://github.com/sindresorhus/resolve-from"
"resolve-pathname@2.2.0","MIT","https://github.com/mjackson/resolve-pathname"
"resolve-url@0.2.1","MIT","https://github.com/lydell/resolve-url"
"resolve@1.1.7","MIT","https://github.com/substack/node-resolve"
"resolve@1.8.1","MIT","https://github.com/browserify/resolve"
"resp-modifier@6.0.2","MIT","https://github.com/shakyshane/resp-modifier"
"restore-cursor@2.0.0","MIT","https://github.com/sindresorhus/restore-cursor"
"ret@0.1.15","MIT","https://github.com/fent/ret.js"
"revalidator@0.1.8","Apache*","https://github.com/flatiron/revalidator"
"right-align@0.1.3","MIT","https://github.com/jonschlinkert/right-align"
"rimraf@2.6.1","ISC","https://github.com/isaacs/rimraf"
"rimraf@2.6.2","ISC","https://github.com/isaacs/rimraf"
"ripemd160@2.0.2","MIT","https://github.com/crypto-browserify/ripemd160"
"rst-selector-parser@2.2.3","BSD-3-Clause","https://github.com/aweary/rst-selector-parser"
"run-async@2.3.0","MIT","https://github.com/SBoudrias/run-async"
"run-queue@1.0.3","ISC","https://github.com/iarna/run-queue"
"rx-lite-aggregates@4.0.8","Apache License, Version 2.0","https://github.com/Reactive-Extensions/RxJS"
"rx-lite@4.0.8","Apache License, Version 2.0","https://github.com/Reactive-Extensions/RxJS"
"rx@2.3.24","Apache License, Version 2.0","https://github.com/Reactive-Extensions/RxJS"
"rx@4.1.0","Apache-2.0","https://github.com/Reactive-Extensions/RxJS"
"safe-buffer@5.1.1","MIT","https://github.com/feross/safe-buffer"
"safe-buffer@5.1.2","MIT","https://github.com/feross/safe-buffer"
"safe-regex@1.1.0","MIT","https://github.com/substack/safe-regex"
"safer-buffer@2.1.2","MIT","https://github.com/ChALkeR/safer-buffer"
"sane@1.6.0","MIT","https://github.com/amasad/sane"
"sass-graph@2.2.4","MIT","https://github.com/xzyfer/sass-graph"
"sass-loader@6.0.6","MIT","https://github.com/webpack-contrib/sass-loader"
"sax@1.2.4","ISC","https://github.com/isaacs/sax-js"
"schema-utils@0.3.0","MIT","https://github.com/webpack-contrib/schema-utils"
"schema-utils@0.4.5","MIT","https://github.com/webpack-contrib/schema-utils"
"scss-tokenizer@0.2.3","MIT","https://github.com/sasstools/scss-tokenizer"
"semver@5.3.0","ISC","https://github.com/npm/node-semver"
"semver@5.5.0","ISC","https://github.com/npm/node-semver"
"send@0.15.2","MIT","https://github.com/pillarjs/send"
"send@0.16.2","MIT","https://github.com/pillarjs/send"
"serialize-javascript@1.5.0","BSD-3-Clause","https://github.com/yahoo/serialize-javascript"
"serve-index@1.8.0","MIT","https://github.com/expressjs/serve-index"
"serve-static@1.12.2","MIT","https://github.com/expressjs/serve-static"
"serve-static@1.13.2","MIT","https://github.com/expressjs/serve-static"
"server-destroy@1.0.1","ISC","https://github.com/isaacs/server-destroy"
"set-blocking@2.0.0","ISC","https://github.com/yargs/set-blocking"
"set-immediate-shim@1.0.1","MIT","https://github.com/sindresorhus/set-immediate-shim"
"set-value@0.4.3","MIT","https://github.com/jonschlinkert/set-value"
"set-value@2.0.0","MIT","https://github.com/jonschlinkert/set-value"
"setimmediate@1.0.5","MIT","https://github.com/YuzuJS/setImmediate"
"setprototypeof@1.0.2","ISC","https://github.com/wesleytodd/setprototypeof"
"setprototypeof@1.0.3","ISC","https://github.com/wesleytodd/setprototypeof"
"setprototypeof@1.1.0","ISC","https://github.com/wesleytodd/setprototypeof"
"sha.js@2.4.11","(MIT AND BSD-3-Clause)","https://github.com/crypto-browserify/sha.js"
"shallow-clone@0.1.2","MIT","https://github.com/jonschlinkert/shallow-clone"
"shallowequal@1.1.0","MIT","https://github.com/dashed/shallowequal"
"shebang-command@1.2.0","MIT","https://github.com/kevva/shebang-command"
"shebang-regex@1.0.0","MIT","https://github.com/sindresorhus/shebang-regex"
"shellwords@0.1.1","MIT","https://github.com/jimmycuadra/shellwords"
"sigmund@1.0.1","ISC","https://github.com/isaacs/sigmund"
"signal-exit@3.0.2","ISC","https://github.com/tapjs/signal-exit"
"slash@1.0.0","MIT","https://github.com/sindresorhus/slash"
"slice-ansi@1.0.0","MIT","https://github.com/chalk/slice-ansi"
"snapdragon-node@2.1.1","MIT","https://github.com/jonschlinkert/snapdragon-node"
"snapdragon-util@3.0.1","MIT","https://github.com/jonschlinkert/snapdragon-util"
"snapdragon@0.8.2","MIT","https://github.com/jonschlinkert/snapdragon"
"sntp@1.0.9","BSD","https://github.com/hueniverse/sntp"
"socket.io-adapter@0.5.0","MIT","https://github.com/Automattic/socket.io-adapter"
"socket.io-client@1.6.0","MIT","https://github.com/Automattic/socket.io-client"
"socket.io-parser@2.3.1","MIT","https://github.com/Automattic/socket.io-parser"
"socket.io@1.6.0","MIT","https://github.com/socketio/socket.io"
"sort-keys@1.1.2","MIT","https://github.com/sindresorhus/sort-keys"
"sort-keys@2.0.0","MIT","https://github.com/sindresorhus/sort-keys"
"source-list-map@2.0.0","MIT","https://github.com/webpack/source-list-map"
"source-map-resolve@0.5.2","MIT","https://github.com/lydell/source-map-resolve"
"source-map-support@0.4.18","MIT","https://github.com/evanw/node-source-map-support"
"source-map-url@0.4.0","MIT","https://github.com/lydell/source-map-url"
"source-map@0.4.4","BSD-3-Clause","https://github.com/mozilla/source-map"
"source-map@0.5.7","BSD-3-Clause","https://github.com/mozilla/source-map"
"source-map@0.6.1","BSD-3-Clause","https://github.com/mozilla/source-map"
"spawn-command@0.0.2-1","MIT","https://github.com/mmalecki/spawn-command"
"spdx-correct@3.0.0","Apache-2.0","https://github.com/jslicense/spdx-correct.js"
"spdx-exceptions@2.1.0","CC-BY-3.0","https://github.com/kemitchell/spdx-exceptions.json"
"spdx-expression-parse@3.0.0","MIT","https://github.com/jslicense/spdx-expression-parse.js"
"spdx-license-ids@3.0.0","CC0-1.0","https://github.com/shinnn/spdx-license-ids"
"split-string@3.1.0","MIT","https://github.com/jonschlinkert/split-string"
"sprintf-js@1.0.3","BSD-3-Clause","https://github.com/alexei/sprintf.js"
"sshpk@1.14.2","MIT","https://github.com/arekinath/node-sshpk"
"ssri@5.3.0","ISC","https://github.com/zkat/ssri"
"stack-trace@0.0.10","MIT","https://github.com/felixge/node-stack-trace"
"static-extend@0.1.2","MIT","https://github.com/jonschlinkert/static-extend"
"statuses@1.3.1","MIT","https://github.com/jshttp/statuses"
"statuses@1.4.0","MIT","https://github.com/jshttp/statuses"
"statuses@1.5.0","MIT","https://github.com/jshttp/statuses"
"stdout-stream@1.4.0","MIT*","https://github.com/mafintosh/stdout-stream"
"stream-browserify@2.0.1","MIT","https://github.com/substack/stream-browserify"
"stream-each@1.2.2","MIT","https://github.com/mafintosh/stream-each"
"stream-http@2.8.3","MIT","https://github.com/jhiesey/stream-http"
"stream-shift@1.0.0","MIT","https://github.com/mafintosh/stream-shift"
"stream-throttle@0.1.3","BSD-3-Clause","https://github.com/tjgq/node-stream-throttle"
"strict-uri-encode@1.1.0","MIT","https://github.com/kevva/strict-uri-encode"
"string-length@1.0.1","MIT","https://github.com/sindresorhus/string-length"
"string-width@1.0.2","MIT","https://github.com/sindresorhus/string-width"
"string-width@2.1.1","MIT","https://github.com/sindresorhus/string-width"
"string_decoder@0.10.31","MIT","https://github.com/rvagg/string_decoder"
"string_decoder@1.1.1","MIT","https://github.com/nodejs/string_decoder"
"stringstream@0.0.6","MIT","https://github.com/mhart/StringStream"
"strip-ansi@0.1.1","MIT","https://github.com/sindresorhus/strip-ansi"
"strip-ansi@0.3.0","MIT","https://github.com/sindresorhus/strip-ansi"
"strip-ansi@3.0.1","MIT","https://github.com/chalk/strip-ansi"
"strip-ansi@4.0.0","MIT","https://github.com/chalk/strip-ansi"
"strip-bom@2.0.0","MIT","https://github.com/sindresorhus/strip-bom"
"strip-bom@3.0.0","MIT","https://github.com/sindresorhus/strip-bom"
"strip-indent@1.0.1","MIT","https://github.com/sindresorhus/strip-indent"
"strip-json-comments@2.0.1","MIT","https://github.com/sindresorhus/strip-json-comments"
"style-loader@0.21.0","MIT","https://github.com/webpack-contrib/style-loader"
"supports-color@0.2.0","MIT","https://github.com/sindresorhus/supports-color"
"supports-color@2.0.0","MIT","https://github.com/chalk/supports-color"
"supports-color@3.2.3","MIT","https://github.com/chalk/supports-color"
"supports-color@4.5.0","MIT","https://github.com/chalk/supports-color"
"supports-color@5.4.0","MIT","https://github.com/chalk/supports-color"
"svgo@0.7.2","MIT","https://github.com/svg/svgo"
"symbol-tree@3.2.2","MIT","https://github.com/jsdom/js-symbol-tree"
"table@4.0.2","BSD-3-Clause","https://github.com/gajus/table"
"tapable@1.0.0","MIT","https://github.com/webpack/tapable"
"tar@2.2.1","ISC","https://github.com/isaacs/node-tar"
"tar@4.4.1","ISC","https://github.com/npm/node-tar"
"tar@4.4.4","ISC","https://github.com/npm/node-tar"
"temp-write@2.1.0","MIT","https://github.com/sindresorhus/temp-write"
"test-exclude@4.2.1","ISC","https://github.com/istanbuljs/istanbuljs"
"text-table@0.2.0","MIT","https://github.com/substack/text-table"
"tfunk@3.1.0","MIT","https://github.com/shakyShane/tfunk"
"throat@3.2.0","MIT","https://github.com/ForbesLindesay/throat"
"through2@2.0.3","MIT","https://github.com/rvagg/through2"
"through@2.3.8","MIT","https://github.com/dominictarr/through"
"timers-browserify@2.0.10","MIT","https://github.com/jryans/timers-browserify"
"tmp@0.0.33","MIT","https://github.com/raszi/node-tmp"
"tmpl@1.0.4","BSD-3-Clause","https://github.com/daaku/nodejs-tmpl"
"to-array@0.1.4","MIT","https://github.com/Raynos/to-array"
"to-arraybuffer@1.0.1","MIT","https://github.com/jhiesey/to-arraybuffer"
"to-fast-properties@1.0.3","MIT","https://github.com/sindresorhus/to-fast-properties"
"to-object-path@0.3.0","MIT","https://github.com/jonschlinkert/to-object-path"
"to-regex-range@2.1.1","MIT","https://github.com/micromatch/to-regex-range"
"to-regex@3.0.2","MIT","https://github.com/jonschlinkert/to-regex"
"toposort@1.0.7","MIT","https://github.com/marcelklehr/toposort"
"tough-cookie@2.3.4","BSD-3-Clause","https://github.com/salesforce/tough-cookie"
"tough-cookie@2.4.3","BSD-3-Clause","https://github.com/salesforce/tough-cookie"
"tr46@0.0.3","MIT","https://github.com/Sebmaster/tr46.js"
"tree-kill@1.2.0","MIT","https://github.com/pkrumins/node-tree-kill"
"trim-newlines@1.0.0","MIT","https://github.com/sindresorhus/trim-newlines"
"trim-right@1.0.1","MIT","https://github.com/sindresorhus/trim-right"
"tryer@1.0.1","MIT","git+https://gitlab.com/philbooth/tryer"
"tty-browserify@0.0.0","MIT","https://github.com/substack/tty-browserify"
"tunnel-agent@0.4.3","Apache-2.0","https://github.com/mikeal/tunnel-agent"
"tunnel-agent@0.6.0","Apache-2.0","https://github.com/mikeal/tunnel-agent"
"tweetnacl@0.14.5","Unlicense","https://github.com/dchest/tweetnacl-js"
"type-check@0.3.2","MIT","https://github.com/gkz/type-check"
"type-is@1.6.16","MIT","https://github.com/jshttp/type-is"
"typedarray@0.0.6","MIT","https://github.com/substack/typedarray"
"ua-parser-js@0.7.12","(GPL-2.0 OR MIT)","https://github.com/faisalman/ua-parser-js"
"ua-parser-js@0.7.18","(GPL-2.0 OR MIT)","https://github.com/faisalman/ua-parser-js"
"uglify-es@3.3.9","BSD-2-Clause","https://github.com/mishoo/UglifyJS2.git#harmony"
"uglify-js@2.8.29","BSD-2-Clause","https://github.com/mishoo/UglifyJS2"
"uglify-js@3.4.4","BSD-2-Clause","https://github.com/mishoo/UglifyJS2"
"uglify-to-browserify@1.0.2","MIT","https://github.com/ForbesLindesay/uglify-to-browserify"
"uglifyjs-webpack-plugin@1.2.7","MIT","https://github.com/webpack-contrib/uglifyjs-webpack-plugin"
"ultron@1.0.2","MIT","https://github.com/unshiftio/ultron"
"underscore@1.4.4","MIT*","https://github.com/documentcloud/underscore"
"underscore@1.6.0","MIT","https://github.com/jashkenas/underscore"
"underscore@1.7.0","MIT","https://github.com/jashkenas/underscore"
"unicons@0.0.3","Unlicense","https://github.com/peerigon/unicons"
"union-value@1.0.0","MIT","https://github.com/jonschlinkert/union-value"
"uniq@1.0.1","MIT","https://github.com/mikolalysenko/uniq"
"uniqs@2.0.0","MIT","https://github.com/fgnass/uniqs"
"unique-filename@1.1.0","ISC","https://github.com/iarna/unique-filename"
"unique-slug@2.0.0","ISC","https://github.com/iarna/unique-slug"
"universalify@0.1.2","MIT","https://github.com/RyanZim/universalify"
"unpipe@1.0.0","MIT","https://github.com/stream-utils/unpipe"
"unset-value@1.0.0","MIT","https://github.com/jonschlinkert/unset-value"
"upath@1.1.0","MIT","https://github.com/anodynos/upath"
"upper-case@1.1.3","MIT","https://github.com/blakeembrey/upper-case"
"uri-js@4.2.2","BSD-2-Clause","https://github.com/garycourt/uri-js"
"urix@0.1.0","MIT","https://github.com/lydell/urix"
"url-join@4.0.0","MIT","https://github.com/jfromaniello/url-join"
"url-loader@1.0.1","MIT","https://github.com/webpack-contrib/url-loader"
"url@0.11.0","MIT","https://github.com/defunctzombie/node-url"
"use@3.1.1","MIT","https://github.com/jonschlinkert/use"
"user-home@1.1.1","MIT","https://github.com/sindresorhus/user-home"
"util-deprecate@1.0.2","MIT","https://github.com/TooTallNate/util-deprecate"
"util.promisify@1.0.0","MIT","https://github.com/ljharb/util.promisify"
"util@0.10.3","MIT","https://github.com/defunctzombie/node-util"
"util@0.10.4","MIT","https://github.com/defunctzombie/node-util"
"utila@0.3.3","MIT","https://github.com/AriaMinaei/utila"
"utila@0.4.0","MIT","https://github.com/AriaMinaei/utila"
"utile@0.3.0","MIT*","https://github.com/flatiron/utile"
"utils-merge@1.0.0","MIT","https://github.com/jaredhanson/utils-merge"
"utils-merge@1.0.1","MIT","https://github.com/jaredhanson/utils-merge"
"uuid@2.0.3","MIT","https://github.com/defunctzombie/node-uuid"
"uuid@3.3.2","MIT","https://github.com/kelektiv/node-uuid"
"v8flags@2.1.1","MIT","https://github.com/tkellen/node-v8flags"
"validate-npm-package-license@3.0.3","Apache-2.0","https://github.com/kemitchell/validate-npm-package-license.js"
"value-equal@0.2.1","MIT","https://github.com/mjackson/value-equal"
"value-equal@0.4.0","MIT","https://github.com/mjackson/value-equal"
"vary@1.1.2","MIT","https://github.com/jshttp/vary"
"vendors@1.0.2","MIT","https://github.com/wooorm/vendors"
"verror@1.10.0","MIT","https://github.com/davepacheco/node-verror"
"vm-browserify@0.0.4","MIT","https://github.com/substack/vm-browserify"
"walker@1.0.7","Apache-2.0","https://github.com/daaku/nodejs-walker"
"warning@3.0.0","BSD-3-Clause","https://github.com/BerkeleyTrue/warning"
"warning@4.0.1","MIT","https://github.com/BerkeleyTrue/warning"
"watch@0.10.0","Apache*","https://github.com/mikeal/watch"
"watchpack@1.6.0","MIT","https://github.com/webpack/watchpack"
"webidl-conversions@3.0.1","BSD-2-Clause","https://github.com/jsdom/webidl-conversions"
"webidl-conversions@4.0.2","BSD-2-Clause","https://github.com/jsdom/webidl-conversions"
"webpack-bundle-analyzer@2.11.1","MIT","https://github.com/webpack-contrib/webpack-bundle-analyzer"
"webpack-dev-middleware@3.1.3","MIT","https://github.com/webpack/webpack-dev-middleware"
"webpack-hot-middleware@2.22.1","MIT","https://github.com/webpack-contrib/webpack-hot-middleware"
"webpack-log@1.2.0","MIT","https://github.com/webpack-contrib/webpack-log"
"webpack-md5-hash@0.0.6","MIT","https://github.com/erm0l0v/webpack-md5-hash"
"webpack-sources@1.1.0","MIT","https://github.com/webpack/webpack-sources"
"webpack@4.6.0","MIT","https://github.com/webpack/webpack"
"weinre@2.0.0-pre-I0Z7U9OV","Apache 2.0","https://git-wip-us.apache.org/repos/asf/cordova-weinre"
"whatwg-encoding@1.0.3","MIT","https://github.com/jsdom/whatwg-encoding"
"whatwg-fetch@2.0.4","MIT","https://github.com/github/fetch"
"whatwg-url@4.8.0","MIT","https://github.com/jsdom/whatwg-url"
"whet.extend@0.9.9","MIT","https://github.com/Meettya/whet.extend"
"which-module@1.0.0","ISC","https://github.com/nexdrew/which-module"
"which@1.3.1","ISC","https://github.com/isaacs/node-which"
"wide-align@1.1.2","ISC","https://github.com/iarna/wide-align"
"wide-align@1.1.3","ISC","https://github.com/iarna/wide-align"
"window-size@0.1.0","MIT","https://github.com/jonschlinkert/window-size"
"window-size@0.1.4","MIT","https://github.com/jonschlinkert/window-size"
"window-size@0.2.0","MIT","https://github.com/jonschlinkert/window-size"
"winston@2.1.1","MIT","https://github.com/winstonjs/winston"
"wordwrap@0.0.2","MIT*","https://github.com/substack/node-wordwrap"
"wordwrap@0.0.3","MIT","https://github.com/substack/node-wordwrap"
"wordwrap@1.0.0","MIT","https://github.com/substack/node-wordwrap"
"worker-farm@1.6.0","MIT","https://github.com/rvagg/node-worker-farm"
"wrap-ansi@2.1.0","MIT","https://github.com/chalk/wrap-ansi"
"wrappy@1.0.2","ISC","https://github.com/npm/wrappy"
"write-file-atomic@2.3.0","ISC","https://github.com/iarna/write-file-atomic"
"write-json-file@2.3.0","MIT","https://github.com/sindresorhus/write-json-file"
"write@0.2.1","MIT","https://github.com/jonschlinkert/write"
"ws@1.1.1","MIT","https://github.com/websockets/ws"
"ws@4.1.0","MIT","https://github.com/websockets/ws"
"wtf-8@1.0.0","MIT","https://github.com/mathiasbynens/wtf-8.js"
"xml-name-validator@2.0.1","WTFPL","https://github.com/jsdom/xml-name-validator"
"xmlhttprequest-ssl@1.5.3","MIT","https://github.com/mjwwit/node-XMLHttpRequest"
"xtend@4.0.1","MIT","https://github.com/Raynos/xtend"
"y18n@3.2.1","ISC","https://github.com/yargs/y18n"
"y18n@4.0.0","ISC","https://github.com/yargs/y18n"
"yallist@2.1.2","ISC","https://github.com/isaacs/yallist"
"yallist@3.0.2","ISC","https://github.com/isaacs/yallist"
"yargs-parser@4.2.1","ISC","https://github.com/yargs/yargs-parser"
"yargs-parser@5.0.0","ISC","https://github.com/yargs/yargs-parser"
"yargs@3.10.0","MIT","https://github.com/bcoe/yargs"
"yargs@3.29.0","MIT","https://github.com/bcoe/yargs"
"yargs@6.4.0","MIT","https://github.com/yargs/yargs"
"yargs@7.1.0","MIT","https://github.com/yargs/yargs"
"yeast@0.1.2","MIT","https://github.com/unshiftio/yeast"
